model,row_id,surface,condition,beta,prediction,mu_log,sd_log,lower,upper
baseline,0,REF-H,REF-H|0|0,1.620303606,1.663423409085377,0.5088777733877994,0.0380938576771774,1.5624096460810233,1.7709679691453515
baseline,1,REF-H,REF-H|0|0,1.63337529,1.659661073640087,0.5066134090164366,0.03859401089960392,1.5575940681549016,1.76841639016966
baseline,2,REF-H,REF-H|0|0,1.613247766,1.659714259547657,0.5066454547492845,0.037414805895017986,1.560667653345158,1.7650467845870113
baseline,3,REF-H,REF-H|0|0,1.619634628,1.655475925516299,0.5040885357769852,0.03422141945073145,1.564879120502682,1.7513177241982056
baseline,4,REF-H,REF-H|0|0,1.62582418,1.6648101923696845,0.5097111183573095,0.03738910658143178,1.5655256416697838,1.7703913004336458
baseline,5,REF-H,REF-H|0|1,1.970298186,1.925948182411719,0.6554184087625641,0.011325957596024738,1.890406593839045,1.9621579894101995
baseline,6,REF-H,REF-H|0|1,1.974189658,1.9266496191253053,0.655782545772172,0.011342433703730415,1.89104384516195,1.9629258012036142
baseline,7,REF-H,REF-H|0|1,2.009617745,1.9249912664214646,0.6549214308055412,0.011454929590644416,1.8890666136685723,1.9615991034866929
baseline,8,REF-H,REF-H|0|1,1.985815243,1.9272450789881033,0.6560915629686345,0.011441214493354498,1.8913210244611247,1.9638514807617766
baseline,9,REF-H,REF-H|0|1,1.977638351,1.9278577511805062,0.656409412958402,0.011381924643250245,1.8921067611535949,1.964284249225329
baseline,10,REF-H,REF-H|0|2,2.407462201,2.345271433628879,0.8524011451480835,0.01108321215434885,2.302910796055478,2.3884112692583654
baseline,11,REF-H,REF-H|0|2,2.409667195,2.339799894927081,0.8500654107245681,0.01108715799642231,2.297523175808632,2.382854547864975
baseline,12,REF-H,REF-H|0|2,2.412513424,2.345533233964427,0.852512767931112,0.011073116388535368,2.3032061082693596,2.3886382255930614
baseline,13,REF-H,REF-H|0|2,2.439860962,2.3435972424081535,0.8516870320399775,0.011078254506566883,2.3012856072301924,2.3866868229510043
baseline,14,REF-H,REF-H|0|2,2.447293512,2.344424862076536,0.8520401104421416,0.0110853404311923,2.3020714578458685,2.387557482279763
baseline,15,REF-H,REF-H|0|3,2.59828674,2.635785115687621,0.969181094230761,0.011245383730316423,2.5874869906300324,2.684984775281432
baseline,16,REF-H,REF-H|0|3,2.595157374,2.660175309407005,0.9783920264140236,0.011085746083186975,2.6121159463364454,2.70911889906865
baseline,17,REF-H,REF-H|0|3,2.609237849,2.657369773424696,0.9773368266182814,0.011285739223215524,2.6085030043811193,2.7071519951676746
baseline,18,REF-H,REF-H|0|3,2.606230363,2.661007106280004,0.9787046625218638,0.011110389082873706,2.6128268224122264,2.7100758301062466
baseline,19,REF-H,REF-H|0|3,2.625825079,2.6267410544260406,0.9657439350136281,0.011317712362542231,2.5783019444106974,2.6760902003602434
baseline,20,REF-H,REF-H|0|4,2.796032201,2.8678274720612187,1.0535547647428478,0.011249815441435069,2.8152568844340284,2.921379734468692
baseline,21,REF-H,REF-H|0|4,2.825318246,2.870962842304521,1.0546474586325052,0.011254626180461129,2.8183124821088414,2.924596791242162
baseline,22,REF-H,REF-H|0|4,2.791102944,2.8695724599461787,1.0541630500147288,0.011252987111656199,2.816955191192084,2.923172554760055
baseline,23,REF-H,REF-H|0|4,2.815625902,2.868345930821436,1.0537355329049012,0.011250077264352336,2.8157646268079946,2.921909132790918
baseline,24,REF-H,REF-H|0|4,2.792069834,2.8544085039644056,1.048864642646735,0.011249632519941955,2.8020847444603723,2.907709313079108
baseline,25,REF-H,REF-H|20|0,1.57697117,1.5714872597562866,0.4520224701633079,0.011732956654850095,1.5414548106643424,1.602104836606904
baseline,26,REF-H,REF-H|20|0,1.577337366,1.571753805248053,0.4521920693043811,0.0117693211741445,1.5416240634966167,1.6024724073834853
baseline,27,REF-H,REF-H|20|0,1.61221433,1.5726678038441626,0.45277341540581245,0.011688072983910402,1.5427266655819765,1.6031900377601904
baseline,28,REF-H,REF-H|20|0,1.579562325,1.5745155157293498,0.4539476158954944,0.011562693856139514,1.5448577110910648,1.604742683726893
baseline,29,REF-H,REF-H|20|0,1.585496492,1.5737046143847122,0.453432466808673,0.011596756710863713,1.5439755893317508,1.604006067484274
baseline,30,REF-H,REF-H|20|1,2.068439161,1.9883759152655995,0.6873181825446235,0.012323645873688298,1.9484826234786854,2.0290859835073913
baseline,31,REF-H,REF-H|20|1,2.054266328,1.9898317694876106,0.6880500972169432,0.012244549814209344,1.950162929242542,2.030307525330752
baseline,32,REF-H,REF-H|20|1,2.081963318,1.9843047806898102,0.6852686163637443,0.012974178922917488,1.9424139550369859,2.0270990395522883
baseline,33,REF-H,REF-H|20|1,2.067176743,1.9900728888984316,0.6881712656527789,0.012430668427512778,1.9498023403775584,2.0311751715108013
baseline,34,REF-H,REF-H|20|1,2.077115055,1.9871893244351866,0.6867212405783345,0.012942051602991798,1.9453403842918031,2.029938535711204
baseline,35,REF-H,REF-H|20|2,2.423679263,2.2984003277569314,0.8322133712851478,0.010988217631949708,2.2572388956345457,2.340312351009765
baseline,36,REF-H,REF-H|20|2,2.445719156,2.2969186085332436,0.831568489266911,0.010997728140635318,2.2557484300946813,2.3388401932767158
baseline,37,REF-H,REF-H|20|2,2.395958524,2.295485143715285,0.8309442127695271,0.01099887261344575,2.25433641575944,2.3373849653413323
baseline,38,REF-H,REF-H|20|2,2.420686055,2.2937504174541616,0.8301882148170916,0.01099722554609764,2.25263888789774,2.3356122483001287
baseline,39,REF-H,REF-H|20|2,2.408655836,2.2954136411853856,0.8309130630826117,0.011034312984620168,2.2541348097577405,2.3374483909887447
baseline,40,REF-H,REF-H|20|3,2.653221127,2.5640968929277066,0.9416063280978046,0.011041825874245896,2.5179551718771216,2.6110841645445966
baseline,41,REF-H,REF-H|20|3,2.624228809,2.565057405947526,0.9419808588586585,0.011027343416683329,2.518958394992948,2.6120000667278473
baseline,42,REF-H,REF-H|20|3,2.60025921,2.5582085060957724,0.9393072112092018,0.011140007621941676,2.5117671456281356,2.6055085448711655
baseline,43,REF-H,REF-H|20|3,2.596814697,2.5633986602853627,0.9413339796815403,0.011090772626850558,2.517066879705616,2.6105832723528213
baseline,44,REF-H,REF-H|20|3,2.626273161,2.560843774494158,0.9403368035972979,0.011099096007937053,2.5145237515654295,2.6080170582134365
baseline,45,REF-H,REF-H|20|4,2.744274635,2.8500338618194783,1.0473308755501445,0.0111773090006244,2.7981230878498855,2.902907684364677
baseline,46,REF-H,REF-H|20|4,2.753957675,2.8490266304107696,1.0469774027556131,0.011168236985601357,2.7971759349003342,2.9018384719797607
baseline,47,REF-H,REF-H|20|4,2.736935587,2.8478131044507364,1.046551367959176,0.011135066114687928,2.796137025813828,2.9004442210842223
baseline,48,REF-H,REF-H|20|4,2.734202548,2.8491023602674277,1.047003983360154,0.011170582284026037,2.7972394974382575,2.9019267984437573
baseline,49,REF-H,REF-H|20|4,2.77432198,2.8473070295042557,1.046373645650986,0.011167079574216797,2.795492950871534,2.900081474981659
baseline,50,REF-H,REF-H|60|0,1.611688445,1.5630943154761687,0.446667392213916,0.013549044322718293,1.5286498096694694,1.598314946705946
baseline,51,REF-H,REF-H|60|0,1.573168356,1.561597042541227,0.445709042810417,0.011414089137393255,1.5325570722242918,1.59118728265972
baseline,52,REF-H,REF-H|60|0,1.591521012,1.5621539002071523,0.44606557422539206,0.012315213227454998,1.5308332388596912,1.5941153784655218
baseline,53,REF-H,REF-H|60|0,1.590890144,1.563162249375804,0.446710852434302,0.01147997979738668,1.5339269425819764,1.5929547555639458
baseline,54,REF-H,REF-H|60|0,1.562819897,1.5615696223587872,0.4456914835922371,0.011427542168231948,1.532496255681635,1.5911945470882416
baseline,55,REF-H,REF-H|60|1,1.887938598,1.8980815754007068,0.6408436789273122,0.012518740832847906,1.8594031970749216,1.9375645220698539
baseline,56,REF-H,REF-H|60|1,1.882265456,1.896069224378944,0.6397829139147172,0.011893474401089399,1.8593428368768656,1.9335210442822997
baseline,57,REF-H,REF-H|60|1,1.888222961,1.8935761007053953,0.63846715804874,0.01139053436535417,1.858434529253533,1.9293821723183702
baseline,58,REF-H,REF-H|60|1,1.898049223,1.8966127740672847,0.6400695446906612,0.011890604495669492,1.859884636400241,1.9340662019324881
baseline,59,REF-H,REF-H|60|1,1.90519172,1.8963514585903947,0.6399317551090704,0.012327942409689766,1.858291346137469,1.9351910893696258
baseline,60,REF-H,REF-H|60|2,2.076783504,2.0975912956402634,0.740789684342994,0.011103742538160205,2.0596347506433874,2.136247333257202
baseline,61,REF-H,REF-H|60|2,2.08991134,2.101277263776755,0.7425453806841184,0.011339803024839454,2.062453177021821,2.1408321839533384
baseline,62,REF-H,REF-H|60|2,2.092450826,2.092409896488083,0.7383164622336265,0.011113481657413124,2.0545142034865145,2.1310045788398497
baseline,63,REF-H,REF-H|60|2,2.077633199,2.0899179544166873,0.7371248089462142,0.011113713818108596,2.0520666095518023,2.1284674853450323
baseline,64,REF-H,REF-H|60|2,2.072235994,2.090149115472108,0.7372354105474764,0.011113430386976776,2.0522945405838353,2.128701918032694
baseline,65,REF-H,REF-H|60|3,2.189602401,2.280469643063276,0.8243814055542819,0.011009424258453474,2.239551218677045,2.3221356803820843
baseline,66,REF-H,REF-H|60|3,2.213061572,2.282221019670647,0.8251491002427211,0.01099159865234754,2.241336875725317,2.3238509297898378
baseline,67,REF-H,REF-H|60|3,2.217917509,2.2827782951539324,0.8253932516423692,0.010990128113659481,2.2418895898985927,2.324412749096001
baseline,68,REF-H,REF-H|60|3,2.214895875,2.2878378821566514,0.8276072153064035,0.010991736279475722,2.2468526081113533,2.329570776532052
baseline,69,REF-H,REF-H|60|3,2.213814194,2.289494928305168,0.8283312379149916,0.01099938912418981,2.248451670652733,2.331287389963503
baseline,70,REF-H,REF-H|60|4,2.317880072,2.4331927445056913,0.8892042815865873,0.01116845261828458,2.388909146601176,2.4782972346765195
baseline,71,REF-H,REF-H|60|4,2.320070155,2.430842973330529,0.8882380998008162,0.011159145944726407,2.386638669412361,2.4758660105198587
baseline,72,REF-H,REF-H|60|4,2.317839676,2.434082216853923,0.8895697724886606,0.011173908052860197,2.3897609899145995,2.4792254386143595
baseline,73,REF-H,REF-H|60|4,2.311600606,2.4333798132614013,0.8892811606441093,0.01115192806280033,2.3891577376082065,2.4784204166929396
baseline,74,REF-H,REF-H|60|4,2.318385777,2.427927255242155,0.8870379119750066,0.011179001412645582,2.3836981345154222,2.4729770399161946
baseline,75,REF-H,REF-H|78|0,1.544718146,1.545315493290895,0.43522809228043785,0.011297353941848942,1.5168694816850294,1.574294955919443
baseline,76,REF-H,REF-H|78|0,1.528644619,1.5453134559608754,0.43522677388858105,0.011568005133109061,1.516192461845691,1.5749937671282133
baseline,77,REF-H,REF-H|78|0,1.554104267,1.5451608046469811,0.4351279856113485,0.01217497103855318,1.514530119921699,1.5764109810775773
baseline,78,REF-H,REF-H|78|0,1.558212039,1.544958449254099,0.4349970163013998,0.011803724104082989,1.5152566278853548,1.575242481039472
baseline,79,REF-H,REF-H|78|0,1.53051523,1.5444059950840971,0.43463936722124474,0.012514626674988432,1.5129449187409756,1.5765212917576532
baseline,80,REF-H,REF-H|78|1,1.784621465,1.799715843612785,0.5876287877806181,0.011793277399668612,1.7651466379190186,1.8349620638710218
baseline,81,REF-H,REF-H|78|1,1.785694453,1.8000369571523491,0.5878071964426506,0.013144482404849285,1.7615427863128659,1.8393723231079164
baseline,82,REF-H,REF-H|78|1,1.782368028,1.798975626184731,0.5872174063411668,0.01283801825252474,1.7613916797951004,1.837361525395203
baseline,83,REF-H,REF-H|78|1,1.780507953,1.7979538249224738,0.5866492543639693,0.013169111997179033,1.75943293432581,1.837318088962598
baseline,84,REF-H,REF-H|78|1,1.776055593,1.7937798317464089,0.5843250313262662,0.013133328766600632,1.7554516709522363,1.8329448415032574
baseline,85,REF-H,REF-H|78|2,1.938208455,1.937517727973725,0.6614076321254273,0.011094176230210815,1.9024876931121957,1.9731927621941687
baseline,86,REF-H,REF-H|78|2,1.911437437,1.9362307451884673,0.660743168316522,0.01132745017441246,1.9004947363600664,1.972638717112872
baseline,87,REF-H,REF-H|78|2,1.923432268,1.9380429428063408,0.6616786715338882,0.011245167454038913,1.9025309216535318,1.9742178197540303
baseline,88,REF-H,REF-H|78|2,1.920505128,1.9379754613288978,0.6616438515354186,0.011146959199819463,1.902771971602483,1.9738302564704717
baseline,89,REF-H,REF-H|78|2,1.919376439,1.9373731018198947,0.6613329842655261,0.011497252069711568,1.9010850507801296,1.9743538218424201
baseline,90,REF-H,REF-H|78|3,2.040158836,2.0700934430580933,0.7275937478323857,0.011010617597640627,2.032945805163845,2.1079198727812325
baseline,91,REF-H,REF-H|78|3,2.037969438,2.0649120848930043,0.725087651605009,0.011055136436443267,2.027708962030719,2.102797787147413
baseline,92,REF-H,REF-H|78|3,2.033320463,2.0625861070839586,0.7239605872444305,0.011149823783774309,2.0251095139327933,2.1007562405224793
baseline,93,REF-H,REF-H|78|3,2.03964518,2.066304715477065,0.7257618503721552,0.01103497836191995,2.0291437701471153,2.104146211824706
baseline,94,REF-H,REF-H|78|3,2.281476134,2.056264937914279,0.7208912001443206,0.011095941749296566,2.0190821085061885,2.094132515504212
baseline,95,REF-H,REF-H|78|4,2.135519827,2.1623543084058587,0.7711975857188723,0.01117662806119756,2.1229713693159025,2.202467834782003
baseline,96,REF-H,REF-H|78|4,2.147060755,2.1556759295011063,0.7681043307568558,0.011074050687305307,2.1167716865231645,2.19529519532791
baseline,97,REF-H,REF-H|78|4,2.126650918,2.162501960556062,0.7712658664390064,0.011207967714124958,2.1230069083014467,2.202731753308457
baseline,98,REF-H,REF-H|78|4,2.140666462,2.155176719731157,0.7678727247091427,0.011081398169115865,2.116255914147356,2.1948133315164506
baseline,99,REF-H,REF-H|78|4,2.126986323,2.1570360690202905,0.7687350891125008,0.011082481483574082,2.1180779114714743,2.1967107904081318
baseline,100,REF-H,REF-H|91|0,1.451032592,1.45466449177136,0.37477528418566664,0.011934090998093061,1.4263927212989445,1.4834966219495633
baseline,101,REF-H,REF-H|91|0,1.453666466,1.4572389725198411,0.3765435305927701,0.011590846330892295,1.4297240095812054,1.4852834594648172
baseline,102,REF-H,REF-H|91|0,1.459555408,1.4568291899764538,0.3762622862819045,0.011582676323754286,1.4293411692360938,1.484845839780669
baseline,103,REF-H,REF-H|91|0,1.454308543,1.4493121536239355,0.3710890670691285,0.013509948612021429,1.417466097797506,1.4818736913044117
baseline,104,REF-H,REF-H|91|0,1.444621118,1.4546746531744834,0.3747822695542451,0.012070423587655622,1.4260829070073024,1.4838396394701814
baseline,105,REF-H,REF-H|91|1,1.61734636,1.6255552864802805,0.485849472167606,0.011259571612765829,1.5957313784081928,1.6559365975744103
baseline,106,REF-H,REF-H|91|1,1.623058986,1.6247644881333811,0.4853628748988208,0.011364794488784183,1.5946791093003356,1.655417460794081
baseline,107,REF-H,REF-H|91|1,1.623296224,1.62706664872735,0.4867787915818804,0.011305594681318282,1.5970941252161708,1.6576016639235491
baseline,108,REF-H,REF-H|91|1,1.621401232,1.6263839586090605,0.4863591201556292,0.011437987500242107,1.5960764580105256,1.6572669608309167
baseline,109,REF-H,REF-H|91|1,1.62598191,1.6259467136795664,0.4860902391738435,0.01150936052815438,1.5954600768416234,1.6570159003657816
baseline,110,REF-H,REF-H|91|2,1.702401974,1.7213506830052583,0.5431092634707152,0.011140197840068831,1.6901009940415321,1.753178173570056
baseline,111,REF-H,REF-H|91|2,1.690640351,1.7200487937729692,0.5423526588956407,0.011566937123759368,1.687637925953791,1.7530821081114139
baseline,112,REF-H,REF-H|91|2,1.698220271,1.7191130077160792,0.5418084646215713,0.011912874599480242,1.685760432518617,1.7531254597565635
baseline,113,REF-H,REF-H|91|2,1.712091122,1.7199041788048781,0.5422685792763382,0.011551323942451003,1.6875393666396108,1.7528897060107542
baseline,114,REF-H,REF-H|91|2,1.695285852,1.7195204061312512,0.5420454182994119,0.011640091623899892,1.6869165319001582,1.7527544316441508
baseline,115,REF-H,REF-H|91|3,1.807301547,1.813644961488205,0.5953386111964533,0.011075079206910919,1.7809104595059961,1.8469811487568943
baseline,116,REF-H,REF-H|91|3,1.808623623,1.8134838990848299,0.5952498013362734,0.011451016636166737,1.7796516761366896,1.8479592924493842
baseline,117,REF-H,REF-H|91|3,1.789119385,1.804427038931023,0.59024311143818,0.011160845548453282,1.7716090085629892,1.837853004296018
baseline,118,REF-H,REF-H|91|3,1.771407823,1.804192247110568,0.5901129830970194,0.011032865652003381,1.7717513545281929,1.8372271347300295
baseline,119,REF-H,REF-H|91|3,1.790043673,1.8029171920858136,0.5894060153161113,0.011050136621520799,1.7704489383371496,1.835980880968844
baseline,120,REF-H,REF-H|91|4,1.819460459,1.828405896878477,0.6034444926280271,0.011435187721944096,1.794341999859387,1.8631164649782297
baseline,121,REF-H,REF-H|91|4,1.814955834,1.8289843928335028,0.6037608362031043,0.01164705128810729,1.7942844318704363,1.8643554220338292
baseline,122,REF-H,REF-H|91|4,1.812952664,1.8284526422734328,0.6034700585034679,0.011417338437705472,1.7944405487241442,1.8631094061119813
baseline,123,REF-H,REF-H|91|4,1.838870005,1.829129478084662,0.6038401586388484,0.011550409358510799,1.7947119855667388,1.8642070006245317
baseline,124,REF-H,REF-H|91|4,1.812834022,1.8214947678311235,0.5996574650116964,0.012847464369314679,1.7834126493052829,1.8603900732276424
matern52,0,REF-H,REF-H|0|0,1.620303606,1.6736451390722433,0.5150039657677246,0.04127722013056215,1.5620701404492394,1.7931896775996097
matern52,1,REF-H,REF-H|0|0,1.63337529,1.6709481700951543,0.5133912318342775,0.041975923657723145,1.5577327305616548,1.7923920659596326
matern52,2,REF-H,REF-H|0|0,1.613247766,1.670144380530594,0.5129100780991517,0.04041682228109929,1.561046082658182,1.7868673339022143
matern52,3,REF-H,REF-H|0|0,1.619634628,1.664247366576739,0.5093729891490623,0.036269657241811755,1.566354229482059,1.7682585746095658
matern52,4,REF-H,REF-H|0|0,1.62582418,1.6743138817352388,0.5154034585140413,0.04032644084682939,1.565179648932157,1.7910576440754844
matern52,5,REF-H,REF-H|0|1,1.970298186,1.9282889046906067,0.6566330317936664,0.011436762341088653,1.8917782819196867,1.9655041690085095
matern52,6,REF-H,REF-H|0|1,1.974189658,1.9290736759987166,0.6570399270763998,0.011457013935521192,1.8924841341682337,1.966370644933709
matern52,7,REF-H,REF-H|0|1,2.009617745,1.9272090761734324,0.6560728818204239,0.01157371741550931,1.8902861424498638,1.9648532250633928
matern52,8,REF-H,REF-H|0|1,1.985815243,1.929657361786586,0.6573424544029253,0.011557397151960873,1.8927391517413847,1.967295668011806
matern52,9,REF-H,REF-H|0|1,1.977638351,1.9303763922098112,0.6577150057728698,0.011497861351995858,1.8936328516287788,1.9678328945316945
matern52,10,REF-H,REF-H|0|2,2.407462201,2.3415136885658034,0.8507975956913383,0.011083019702414086,2.2985376050103494,2.3852933020499125
matern52,11,REF-H,REF-H|0|2,2.409667195,2.3358075784952863,0.8483576893537194,0.011098501395828776,2.292876892168008,2.3795420776372977
matern52,12,REF-H,REF-H|0|2,2.412513424,2.341107097005254,0.8506239358627123,0.011097573298609848,2.2980825737315063,2.384937122058656
matern52,13,REF-H,REF-H|0|2,2.439860962,2.3395699182617515,0.84996711686249,0.011089434773469218,2.296604885492553,2.3833387436434794
matern52,14,REF-H,REF-H|0|2,2.447293512,2.3406903833304082,0.8504459214664483,0.011084784823310047,2.297722631769973,2.3844616381721497
matern52,15,REF-H,REF-H|0|3,2.59828674,2.6276828233659755,0.9661024020775435,0.0111050445785412,2.5793594428385083,2.676911525217342
matern52,16,REF-H,REF-H|0|3,2.595157374,2.652649812313492,0.9755590695768688,0.011035993891886151,2.6041678246806073,2.7020343927449506
matern52,17,REF-H,REF-H|0|3,2.609237849,2.649081519451893,0.9742129834864568,0.011135477013710144,2.6002323484984275,2.6988483935883907
matern52,18,REF-H,REF-H|0|3,2.606230363,2.653316172933174,0.9758102436797704,0.011046647692683771,2.6047756224661165,2.7027612869331987
matern52,19,REF-H,REF-H|0|3,2.625825079,2.6186238951738106,0.9626489489412751,0.011142287854433731,2.570307103898839,2.6678489484675767
matern52,20,REF-H,REF-H|0|4,2.796032201,2.8647476875302393,1.052480279108889,0.01130984804870516,2.811102211073142,2.919416903762067
matern52,21,REF-H,REF-H|0|4,2.825318246,2.867850770586693,1.0535628888127446,0.01131646387794515,2.8141160671818866,2.9226115220581286
matern52,22,REF-H,REF-H|0|4,2.791102944,2.8664404358636486,1.053070993755202,0.011315785950192891,2.8127353449286545,2.921170947408348
matern52,23,REF-H,REF-H|0|4,2.815625902,2.865290103160798,1.0526696026882414,0.01130889524289658,2.8116389470573733,2.9199650203535503
matern52,24,REF-H,REF-H|0|4,2.792069834,2.8507474334330274,1.047581217242035,0.011328917215354737,2.797274968388907,2.905242073468954
matern52,25,REF-H,REF-H|20|0,1.57697117,1.5696939831685548,0.45088068518251995,0.011654127722523437,1.5394136833648249,1.6005698971116886
matern52,26,REF-H,REF-H|20|0,1.577337366,1.5697111669209511,0.45089163232159557,0.011680947450773388,1.5393615286404294,1.600659170515027
matern52,27,REF-H,REF-H|20|0,1.61221433,1.5706320326929435,0.45147810694545204,0.011613390744883859,1.5404385207732347,1.6014173554183102
matern52,28,REF-H,REF-H|20|0,1.579562325,1.5727172168733063,0.45280483478933614,0.011508049888474292,1.5427552286991133,1.6032610995169854
matern52,29,REF-H,REF-H|20|0,1.585496492,1.5718083008205785,0.4522267405281027,0.011537913750189045,1.541786667715389,1.6024145144472992
matern52,30,REF-H,REF-H|20|1,2.068439161,1.9971099774047054,0.691701124226626,0.011904892736372522,1.957763835286609,2.037246878281174
matern52,31,REF-H,REF-H|20|1,2.054266328,1.9983761903329764,0.6923349459531958,0.011848774844789037,1.9591888596114964,2.038347338745916
matern52,32,REF-H,REF-H|20|1,2.081963318,1.9953582984928562,0.6908236324580265,0.01238562846938315,1.9544755827703832,2.0370961778508225
matern52,33,REF-H,REF-H|20|1,2.067176743,1.9994695884849885,0.6928819396291738,0.011975602586666625,1.9598453172296504,2.0398949856550677
matern52,34,REF-H,REF-H|20|1,2.077115055,1.9984181433067858,0.6923559392644892,0.012354659627174523,1.957574060559635,2.040114423234655
matern52,35,REF-H,REF-H|20|2,2.423679263,2.2970921510875657,0.8316440409203506,0.010990938741083813,2.2552784556177228,2.339681087913742
matern52,36,REF-H,REF-H|20|2,2.445719156,2.294965154894886,0.8307176603449076,0.010992244536069964,2.253185259198672,2.3375197581644165
matern52,37,REF-H,REF-H|20|2,2.395958524,2.2935556621704807,0.830103304292083,0.010993762600248267,2.2517957127467843,2.336090057235937
matern52,38,REF-H,REF-H|20|2,2.420686055,2.2919940112037622,0.8294221859362357,0.01099479605968396,2.2502586085630965,2.3345034776906677
matern52,39,REF-H,REF-H|20|2,2.408655836,2.292559122491504,0.8296687143433124,0.011007069528211963,2.2507672563408665,2.3351269729521285
matern52,40,REF-H,REF-H|20|3,2.653221127,2.5651984052780366,0.9420358266168889,0.010939035160089334,2.518722901406879,2.6125314756797846
matern52,41,REF-H,REF-H|20|3,2.624228809,2.5659043831846167,0.9423110025157706,0.010934730399114433,2.519434216154883,2.613231677743191
matern52,42,REF-H,REF-H|20|3,2.60025921,2.5606133149073673,0.940246805933382,0.010975181746925381,2.514068986472713,2.6080193438447092
matern52,43,REF-H,REF-H|20|3,2.596814697,2.56535617245851,0.9420973276410503,0.010956184750756775,2.5188056092440547,2.612767046181895
matern52,44,REF-H,REF-H|20|3,2.626273161,2.562789028216031,0.9410961296029826,0.010958995424218916,2.516273226919491,2.6101647201425355
matern52,45,REF-H,REF-H|20|4,2.744274635,2.8584251133736505,1.050270813503487,0.011172341280726248,2.805542766200539,2.912304252567268
matern52,46,REF-H,REF-H|20|4,2.753957675,2.8575062317362043,1.0499492975195177,0.01116608942860352,2.804670191702616,2.911337628419815
matern52,47,REF-H,REF-H|20|4,2.736935587,2.8570683779765633,1.0497960564507063,0.011148399405042468,2.8043233499928473,2.9108054591687695
matern52,48,REF-H,REF-H|20|4,2.734202548,2.857531824906029,1.0499582539497536,0.011167388305896631,2.8046892227078697,2.911370024257864
matern52,49,REF-H,REF-H|20|4,2.77432198,2.8555748046694904,1.0492731554770758,0.011162591964517188,2.802790861648347,2.9093528085315565
matern52,50,REF-H,REF-H|60|0,1.611688445,1.5638346113978716,0.44714088934342966,0.012966923653829484,1.5303057861143736,1.5980980494202692
matern52,51,REF-H,REF-H|60|0,1.573168356,1.5627209160971585,0.4464284789364997,0.011425139649197398,1.5331618172928354,1.5928499092937551
matern52,52,REF-H,REF-H|60|0,1.591521012,1.5630431379623109,0.4466346505225319,0.012052179036458263,1.5318716202505105,1.594848953942721
matern52,53,REF-H,REF-H|60|0,1.590890144,1.563445906720332,0.4468922997606983,0.011520990863780715,1.5336273745435116,1.5938442048011383
matern52,54,REF-H,REF-H|60|0,1.562819897,1.56276721239616,0.4464581039404042,0.011431416935322285,1.5331911514901948,1.5929138110187453
matern52,55,REF-H,REF-H|60|1,1.887938598,1.8996473098092428,0.6416682425254913,0.012120869039689048,1.8615492114695877,1.9385251163017392
matern52,56,REF-H,REF-H|60|1,1.882265456,1.896195992953568,0.6398497703012862,0.011669818809197766,1.8595685108504236,1.9335449179276731
matern52,57,REF-H,REF-H|60|1,1.888222961,1.89229114692744,0.6377883419449265,0.011332039939794638,1.856787089754789,1.9284740854229276
matern52,58,REF-H,REF-H|60|1,1.898049223,1.896766626433481,0.6401506609461355,0.011667339864095771,1.8601358290480448,1.9341187772255553
matern52,59,REF-H,REF-H|60|1,1.90519172,1.8974180802040708,0.640494056867716,0.011981106841750145,1.8597990934280741,1.9357980030247472
matern52,60,REF-H,REF-H|60|2,2.076783504,2.0962247100015006,0.7401379696825064,0.011087464629931335,2.0577353664395677,2.1354339855780116
matern52,61,REF-H,REF-H|60|2,2.08991134,2.1013366420974178,0.7425736384884262,0.011182889836165631,2.062424461025755,2.140982987190293
matern52,62,REF-H,REF-H|60|2,2.092450826,2.0911408481032203,0.7377097773856286,0.011094009152227573,2.052722396423297,2.1302783338970865
matern52,63,REF-H,REF-H|60|2,2.077633199,2.088457371831835,0.7364256938451048,0.011097864491618177,2.050075010405955,2.127558343874961
matern52,64,REF-H,REF-H|60|2,2.072235994,2.088709771908205,0.736546541332405,0.011097352420740347,2.0503245266435908,2.1278136483138304
matern52,65,REF-H,REF-H|60|3,2.189602401,2.2758652352953828,0.8223603033051368,0.010993791816191072,2.2344272754741965,2.3180716714652916
matern52,66,REF-H,REF-H|60|3,2.213061572,2.2763348138575252,0.8225666117093096,0.01099129775881802,2.2348976206280766,2.3185402932790957
matern52,67,REF-H,REF-H|60|3,2.217917509,2.2767190728331417,0.8227354034636316,0.0109920368972847,2.2352721232581656,2.318934541646199
matern52,68,REF-H,REF-H|60|3,2.214895875,2.280510136151145,0.824399161865351,0.011008274913844056,2.2389334043830162,2.3228589429712314
matern52,69,REF-H,REF-H|60|3,2.213814194,2.2817541342833083,0.8249445043046548,0.011019340700689027,2.240113289939162,2.324169028728171
matern52,70,REF-H,REF-H|60|4,2.317880072,2.429950721323786,0.8878709778562064,0.011220024597102394,2.3848052976173433,2.4759507679563306
matern52,71,REF-H,REF-H|60|4,2.320070155,2.4300422284109287,0.8879086351483465,0.011199921085806594,2.384975242315559,2.475960809608706
matern52,72,REF-H,REF-H|60|4,2.317839676,2.4308704956128326,0.888249421851151,0.011224900882860697,2.3856885393267278,2.4769081416254837
matern52,73,REF-H,REF-H|60|4,2.311600606,2.430450524485071,0.8880766411904744,0.011208519220331566,2.3853416857931986,2.476412409656719
matern52,74,REF-H,REF-H|60|4,2.318385777,2.4274838184444647,0.8868552552268164,0.011205630744616763,2.382441543552839,2.4733776594670216
matern52,75,REF-H,REF-H|78|0,1.544718146,1.5445425738107175,0.4347277977817822,0.011285441502433944,1.5156811848806824,1.5739535372682194
matern52,76,REF-H,REF-H|78|0,1.528644619,1.5443816945350228,0.43462363253727376,0.011518199828134753,1.5149338281943738,1.574401979826175
matern52,77,REF-H,REF-H|78|0,1.554104267,1.5442277366706074,0.4345239385695046,0.012114657199351219,1.5132734152364296,1.5758152351670416
matern52,78,REF-H,REF-H|78|0,1.558212039,1.5440296963944455,0.4343956848337163,0.01173635541153922,1.5140363751943808,1.574617190450162
matern52,79,REF-H,REF-H|78|0,1.53051523,1.543581979466003,0.4341056762584277,0.012443740800329717,1.5118088176585918,1.576022906800013
matern52,80,REF-H,REF-H|78|1,1.784621465,1.7981221956160358,0.5867428957067682,0.011481684865196528,1.7639437258777255,1.8329629131213894
matern52,81,REF-H,REF-H|78|1,1.785694453,1.7987194612528228,0.587075001314551,0.012391463740820447,1.7618484770478102,1.83636206089126
matern52,82,REF-H,REF-H|78|1,1.782368028,1.7975556731795268,0.586427782695053,0.012171469620222745,1.761356085075468,1.8344992392844035
matern52,83,REF-H,REF-H|78|1,1.780507953,1.796709133246923,0.5859567322890044,0.012413949224815648,1.7598132175010275,1.8343786018819492
matern52,84,REF-H,REF-H|78|1,1.776055593,1.7926500242488472,0.5836949855256789,0.012390397229693987,1.7559065842485089,1.8301623436389947
matern52,85,REF-H,REF-H|78|2,1.938208455,1.938457826004821,0.6618927218977639,0.011076996481456568,1.902898576786554,1.9746815668677782
matern52,86,REF-H,REF-H|78|2,1.911437437,1.9372302223066173,0.661259232450752,0.011244160361039705,1.9011622280367466,1.9739824823332275
matern52,87,REF-H,REF-H|78|2,1.923432268,1.939044995268916,0.6621955813904051,0.011183247392593751,1.9031369648966732,1.9756305316057827
matern52,88,REF-H,REF-H|78|2,1.920505128,1.9389371086189156,0.6621399407777679,0.011115158447044254,1.9032476647214016,1.97529579616208
matern52,89,REF-H,REF-H|78|2,1.919376439,1.9385368793211193,0.6619335026170156,0.011354017443737081,1.9020952653392909,1.9756766661304603
matern52,90,REF-H,REF-H|78|3,2.040158836,2.0723728341707734,0.7286942474817165,0.010975481450909564,2.0347022451821672,2.110740858510478
matern52,91,REF-H,REF-H|78|3,2.037969438,2.0682726082345853,0.7267137701221307,0.011055995911419609,2.0304032926014783,2.1068482293941586
matern52,92,REF-H,REF-H|78|3,2.033320463,2.0668042331283143,0.72600356558455,0.011168995709947917,2.0285786263846566,2.1057501457018355
matern52,93,REF-H,REF-H|78|3,2.03964518,2.0694129116380835,0.7272649494840664,0.01102809798772838,2.0316174484515606,2.1079115077094777
matern52,94,REF-H,REF-H|78|3,2.281476134,2.0588798100348176,0.7221620533621934,0.01103666143211383,2.0212477911804383,2.097212469775107
matern52,95,REF-H,REF-H|78|4,2.135519827,2.166986719214242,0.7733375938848843,0.011180603807041906,2.1268669682149226,2.207863261514711
matern52,96,REF-H,REF-H|78|4,2.147060755,2.160944114383301,0.7705452161923378,0.01109306208580507,2.121246594531146,2.201384543186483
matern52,97,REF-H,REF-H|78|4,2.126650918,2.167071432249383,0.7733766856700849,0.011208062980052275,2.1268524963842297,2.2080509111258055
matern52,98,REF-H,REF-H|78|4,2.140666462,2.160569007802111,0.7703716165426198,0.011098741404030832,2.1208582463012604,2.2010233100755374
matern52,99,REF-H,REF-H|78|4,2.126986323,2.1622162842966026,0.7711337532035535,0.011099819352335892,2.122471422138774,2.2027053986744933
matern52,100,REF-H,REF-H|91|0,1.451032592,1.4568845207445245,0.3763002658321079,0.011830671606128652,1.4283588368132165,1.485979889703696
matern52,101,REF-H,REF-H|91|0,1.453666466,1.4595062433677968,0.3780981890471766,0.011569536479252384,1.4315539192493827,1.4880043607065112
matern52,102,REF-H,REF-H|91|0,1.459555408,1.4593386432890885,0.37798334904340763,0.011569834489580265,1.4313888160512713,1.4878342291872109
matern52,103,REF-H,REF-H|91|0,1.454308543,1.450794597793741,0.3721114048145915,0.013094464073918545,1.419386755689909,1.4828974249266111
matern52,104,REF-H,REF-H|91|0,1.444621118,1.4566265291481506,0.3761231656992233,0.01192871546232205,1.4278718871250333,1.485960235333349
matern52,105,REF-H,REF-H|91|1,1.61734636,1.6277163029596857,0.4871779913138481,0.011295837975133493,1.5972729701246617,1.6587398725679094
matern52,106,REF-H,REF-H|91|1,1.623058986,1.6262802787602628,0.4862953694323657,0.011401956721032867,1.595580770561571,1.6575704557743665
matern52,107,REF-H,REF-H|91|1,1.623296224,1.6284644637372268,0.48763752402674826,0.011354797937946377,1.5978496661480501,1.6596658408096197
matern52,108,REF-H,REF-H|91|1,1.621401232,1.6275645697101775,0.48708476848266813,0.011463535704702286,1.5966764713961263,1.6590502058689645
matern52,109,REF-H,REF-H|91|1,1.62598191,1.6270517103322821,0.4867696103577087,0.011521909164645438,1.5960176185678858,1.6586892508559128
matern52,110,REF-H,REF-H|91|2,1.702401974,1.7200212008232245,0.5423366168094107,0.011112750237233422,1.6883680734503592,1.752267753580186
matern52,111,REF-H,REF-H|91|2,1.690640351,1.7186987407695034,0.5415674584357244,0.011322211159283554,1.6864794114957113,1.751533603901448
matern52,112,REF-H,REF-H|91|2,1.698220271,1.7178098158035582,0.5410501165050191,0.011521250956789308,1.6850464740553406,1.7512101943214067
matern52,113,REF-H,REF-H|91|2,1.712091122,1.7185459702321082,0.5414785671577734,0.011313975482946055,1.686352717944065,1.7513538065759386
matern52,114,REF-H,REF-H|91|2,1.695285852,1.718166000249951,0.5412574430211166,0.011363087476814358,1.6858414740384735,1.7511103207961196
matern52,115,REF-H,REF-H|91|3,1.807301547,1.8129130996088927,0.5949349988031493,0.011038334028521928,1.779771862440877,1.8466714617153375
matern52,116,REF-H,REF-H|91|3,1.808623623,1.8140871355810504,0.595582385589492,0.011274686475522613,1.7802210268497636,1.8485974976400428
matern52,117,REF-H,REF-H|91|3,1.789119385,1.8035929332223233,0.5897807494058205,0.011072281629246963,1.770521610667481,1.8372819903300435
matern52,118,REF-H,REF-H|91|3,1.771407823,1.8033698177015416,0.589657035613096,0.01103892712410304,1.7704012829366553,1.8369522947940906
matern52,119,REF-H,REF-H|91|3,1.790043673,1.802313650824347,0.5890712011012091,0.011070055928181886,1.7692723675140198,1.8359719823759952
matern52,120,REF-H,REF-H|91|4,1.819460459,1.8266704743382027,0.6024948967813588,0.011459142341798416,1.7920168814943582,1.861994190052757
matern52,121,REF-H,REF-H|91|4,1.814955834,1.827899914657304,0.6031677202514898,0.011605824547366889,1.7927834091751018,1.8637042717511234
matern52,122,REF-H,REF-H|91|4,1.812952664,1.8265733935315303,0.6024417490528158,0.011449766809568385,1.7919497230197514,1.8618660552233113
matern52,123,REF-H,REF-H|91|4,1.838870005,1.827641563874262,0.6030263727739742,0.011540983777705594,1.7927243009557765,1.86323891756246
matern52,124,REF-H,REF-H|91|4,1.812834022,1.8245098222649034,0.6013113604177768,0.012653237044595114,1.7863284214326602,1.8635073212748507
structured,0,REF-H,REF-H|0|0,1.620303606,1.7002331068515233,0.5307653633392192,0.04970294241706952,1.5697446825838353,1.8415686638133237
structured,1,REF-H,REF-H|0|0,1.63337529,1.6969087516480124,0.5288082144163171,0.04966817511316796,1.5667629749770986,1.8378653040749224
structured,2,REF-H,REF-H|0|0,1.613247766,1.6948948540514575,0.5276207059002973,0.04844509753526003,1.5679815737509046,1.83208056419831
structured,3,REF-H,REF-H|0|0,1.619634628,1.6847083823612232,0.5215924819785913,0.044431781460408826,1.568639542765258,1.8093655401513133
structured,4,REF-H,REF-H|0|0,1.62582418,1.700535442652406,0.5309431677368299,0.049156275223258585,1.5714033277368287,1.8402791572815878
structured,5,REF-H,REF-H|0|1,1.970298186,1.921468644970212,0.653089812893375,0.011519251067524421,1.8862355479980275,1.9573598628878792
structured,6,REF-H,REF-H|0|1,1.974189658,1.9219113311923175,0.6533201758690936,0.01152489776235756,1.8866530012071383,1.957828579289385
structured,7,REF-H,REF-H|0|1,2.009617745,1.9216922775213279,0.653206192381967,0.011602940447357688,1.886201454126668,1.9578508973183681
structured,8,REF-H,REF-H|0|1,1.985815243,1.9227750783592312,0.6537694958340716,0.011604107743655978,1.8872607179146688,1.958957745935826
structured,9,REF-H,REF-H|0|1,1.977638351,1.9227449956170173,0.6537538502300254,0.011556679222964874,1.88737500011919,1.9587778358496946
structured,10,REF-H,REF-H|0|2,2.407462201,2.343194448576602,0.8515151473653001,0.011449734652082605,2.300485271611946,2.386696533811312
structured,11,REF-H,REF-H|0|2,2.409667195,2.338220558815159,0.8493901951338956,0.011460441199029739,2.2955625540077884,2.3816712692584394
structured,12,REF-H,REF-H|0|2,2.412513424,2.3449342566075435,0.8522573659434238,0.01143730927091365,2.302239326383937,2.38842096249318
structured,13,REF-H,REF-H|0|2,2.439860962,2.3420606785867664,0.8510311737155439,0.011447773874524633,2.299379410163571,2.3855342002006097
structured,14,REF-H,REF-H|0|2,2.447293512,2.342307633102976,0.8511366114181356,0.011451708700416906,2.2996073268410173,2.385800820885873
structured,15,REF-H,REF-H|0|3,2.59828674,2.6358362896944847,0.969200509132906,0.01159782115685748,2.5871775576406377,2.6854101781890236
structured,16,REF-H,REF-H|0|3,2.595157374,2.6618578049985033,0.979024301941583,0.01144834925749421,2.6133461987644524,2.7112699333067134
structured,17,REF-H,REF-H|0|3,2.609237849,2.658057454563685,0.9775955757698847,0.011567154315119487,2.6091170554768826,2.7079158510464825
structured,18,REF-H,REF-H|0|3,2.606230363,2.6625008401694408,0.9792658465920911,0.011467559578940535,2.613896840438781,2.7120086050193932
structured,19,REF-H,REF-H|0|3,2.625825079,2.6265076020925413,0.9656550557890121,0.011690959421636692,2.577635347875926,2.6763064797100116
structured,20,REF-H,REF-H|0|4,2.796032201,2.8963432393216064,1.0634489893655041,0.011630445476890554,2.8427264284136635,2.9509713196866465
structured,21,REF-H,REF-H|0|4,2.825318246,2.8992113077260693,1.0644387371507456,0.011617500665786162,2.8456005828755875,2.9538320512827214
structured,22,REF-H,REF-H|0|4,2.791102944,2.897880776838534,1.0639797032449565,0.01161872390940363,2.844289065724737,2.952482255747987
structured,23,REF-H,REF-H|0|4,2.815625902,2.8968686103362944,1.0636303640604963,0.011632010745545143,2.8432349237823606,2.9515140220590856
structured,24,REF-H,REF-H|0|4,2.792069834,2.8826939862899423,1.0587252688290032,0.011625717104422652,2.8293513422421763,2.9370423158570444
structured,25,REF-H,REF-H|20|0,1.57697117,1.5735839613371687,0.453355795702926,0.01174159721079964,1.5441781583010814,1.6035497394302456
structured,26,REF-H,REF-H|20|0,1.577337366,1.5724518081210739,0.45263606245897603,0.011753536598673103,1.5430375633871858,1.6024267636333607
structured,27,REF-H,REF-H|20|0,1.61221433,1.5716895898105447,0.452151212556257,0.0117117762019217,1.5423930817934743,1.6015425612817928
structured,28,REF-H,REF-H|20|0,1.579562325,1.570844942759608,0.45161365469490505,0.01168195112753762,1.5416380475844378,1.6006051732180568
structured,29,REF-H,REF-H|20|0,1.585496492,1.5712581990527628,0.4518766990807105,0.011678369058240002,1.542052494529784,1.6010170450412295
structured,30,REF-H,REF-H|20|1,2.068439161,1.9920560246271504,0.6891672835797379,0.013353614836208394,1.949773992792339,2.0352549679720595
structured,31,REF-H,REF-H|20|1,2.054266328,1.9932327586079046,0.6897578224736327,0.013223933059017737,1.9513322597160512,2.0360329770624537
structured,32,REF-H,REF-H|20|1,2.081963318,1.9866115864123228,0.6864304670645647,0.014421435428700733,1.9411121762642731,2.0331774966571388
structured,33,REF-H,REF-H|20|1,2.067176743,1.9924664403927925,0.6893732885756673,0.013529341376051345,1.9496251995890326,2.0362490785040928
structured,34,REF-H,REF-H|20|1,2.077115055,1.9883811887615948,0.6873208347035848,0.014369747705217475,1.943002591772148,2.0348195975461723
structured,35,REF-H,REF-H|20|2,2.423679263,2.306184108016935,0.8355942573489725,0.011328287024556214,2.264591331770761,2.3485408009184425
structured,36,REF-H,REF-H|20|2,2.445719156,2.3047472950789007,0.8349710370670249,0.011307723334872075,2.2632552032135527,2.3470000584252726
structured,37,REF-H,REF-H|20|2,2.395958524,2.303198364940921,0.8342987504080228,0.011299441317310407,2.261764252727212,2.3453915242802834
structured,38,REF-H,REF-H|20|2,2.420686055,2.3012904925985254,0.8334700493249669,0.011291284375110306,2.2599203184524255,2.3434179904851593
structured,39,REF-H,REF-H|20|2,2.408655836,2.3032917869136624,0.8343393114293969,0.011317841195198318,2.2617891320754473,2.3455559938940262
structured,40,REF-H,REF-H|20|3,2.653221127,2.550194683143253,0.9361697025867894,0.01146225723681898,2.503662162152244,2.597592047459576
structured,41,REF-H,REF-H|20|3,2.624228809,2.551486207595842,0.9366760159011028,0.011441179186177373,2.505014948594381,2.5988195684040782
structured,42,REF-H,REF-H|20|3,2.60025921,2.542864739789734,0.933291295796024,0.011615694249192263,2.49585063584134,2.590764443997346
structured,43,REF-H,REF-H|20|3,2.596814697,2.5484334906476307,0.9354788530070053,0.011535713880931333,2.5016378575611555,2.5961044827591326
structured,44,REF-H,REF-H|20|3,2.626273161,2.54594381149207,0.9345014305641384,0.01154933958255103,2.4991391860282226,2.5936250079676713
structured,45,REF-H,REF-H|20|4,2.744274635,2.870938165929571,1.0546388634390618,0.011416639141632315,2.8187597279317074,2.924082485965879
structured,46,REF-H,REF-H|20|4,2.753957675,2.8699764479941225,1.0543038234640332,0.011412213177054733,2.81783552570431,2.923082180242654
structured,47,REF-H,REF-H|20|4,2.736935587,2.868589267606009,1.053820364535834,0.01138922225414337,2.816577581354481,2.921561415775801
structured,48,REF-H,REF-H|20|4,2.734202548,2.870051319751442,1.054329911058154,0.011413827031938316,2.8179017309269554,2.92316601661526
structured,49,REF-H,REF-H|20|4,2.77432198,2.868333819712459,1.0537313105639292,0.011416396233188577,2.8162038139612258,2.9214287902457694
structured,50,REF-H,REF-H|60|0,1.611688445,1.5621775390612258,0.44608070632935326,0.014857251677708388,1.525330572842022,1.5999146067074468
structured,51,REF-H,REF-H|60|0,1.573168356,1.5633741338425866,0.4468463918562927,0.01168976769443815,1.5342868764958555,1.593012832091874
structured,52,REF-H,REF-H|60|0,1.591521012,1.5619391483449157,0.4459280931329679,0.01295714695665589,1.5297605756309383,1.5947945985771161
structured,53,REF-H,REF-H|60|0,1.590890144,1.5660688461503378,0.4485685596612286,0.0117627910947846,1.5367511520445658,1.5959458547466416
structured,54,REF-H,REF-H|60|0,1.562819897,1.563690757128527,0.44704889695168526,0.011711134942148954,1.534544929395763,1.593390155667825
structured,55,REF-H,REF-H|60|1,1.887938598,1.8977399032848512,0.6406636535395552,0.012987666218427202,1.8585521396004385,1.937753945011114
structured,56,REF-H,REF-H|60|1,1.882265456,1.895882598234437,0.6396844811532327,0.01212657028394666,1.8593036260111961,1.9331812061267477
structured,57,REF-H,REF-H|60|1,1.888222961,1.8937688010135683,0.6385689181542176,0.011541188915869442,1.858978102304996,1.9292106062172252
structured,58,REF-H,REF-H|60|1,1.898049223,1.8963047383960119,0.6399071179197453,0.012118450491656533,1.8597418819853542,1.933586427071435
structured,59,REF-H,REF-H|60|1,1.90519172,1.8962894332280644,0.6398990468384458,0.012724551759588074,1.8579168297565682,1.935454567707191
structured,60,REF-H,REF-H|60|2,2.076783504,2.0935943989263626,0.7388823968989071,0.011392842587318337,2.0556225379397257,2.1322676835450993
structured,61,REF-H,REF-H|60|2,2.08991134,2.096646247842876,0.7403390432891275,0.011799511054352759,2.0572744743773046,2.1367715116983437
structured,62,REF-H,REF-H|60|2,2.092450826,2.0884490372710105,0.7364217030634074,0.011394654159115376,2.050564530452457,2.127033466396602
structured,63,REF-H,REF-H|60|2,2.077633199,2.0860598945404956,0.7352770687936561,0.011395886417659588,2.048214671886963,2.1246043900277565
structured,64,REF-H,REF-H|60|2,2.072235994,2.0862804989715484,0.7353828149267383,0.0113951527072296,2.0484336887589008,2.124826565914415
structured,65,REF-H,REF-H|60|3,2.189602401,2.2672308880095584,0.818559213718902,0.011282641828325389,2.226503916432035,2.3087028329965755
structured,66,REF-H,REF-H|60|3,2.213061572,2.271362988516216,0.8203800867737577,0.011269381554768398,2.2306093108123926,2.312861244052803
structured,67,REF-H,REF-H|60|3,2.217917509,2.272248208079132,0.8207697414056415,0.011268234703743935,2.2314827589749187,2.313758373598466
structured,68,REF-H,REF-H|60|3,2.214895875,2.279896450517037,0.8241300254950956,0.011271175067284915,2.238983210606804,2.3215573035366592
structured,69,REF-H,REF-H|60|3,2.213814194,2.2825028319551235,0.825272574211353,0.011278163520520669,2.2415176529617344,2.3242374071867715
structured,70,REF-H,REF-H|60|4,2.317880072,2.4195893064206175,0.8835978176758936,0.011386278088719498,2.375729878396152,2.46425844326094
structured,71,REF-H,REF-H|60|4,2.320070155,2.4107357041214352,0.8799319723364072,0.011352263711641046,2.3671661192122064,2.4551072220736203
structured,72,REF-H,REF-H|60|4,2.317839676,2.42030328774659,0.8838928578311287,0.011384521567190817,2.3764376238525,2.464978649505062
structured,73,REF-H,REF-H|60|4,2.311600606,2.4188670413438453,0.8832992658113219,0.011365912301415532,2.3750984164955384,2.463442240146228
structured,74,REF-H,REF-H|60|4,2.318385777,2.4071990029073587,0.8784638321209832,0.011387991758410878,2.3635576642387677,2.451646146515513
structured,75,REF-H,REF-H|78|0,1.544718146,1.5462126528668934,0.43580849107272984,0.011631367425938257,1.5175870739502646,1.5753781835150422
structured,76,REF-H,REF-H|78|0,1.528644619,1.5462718949222936,0.4358468046387263,0.011866826020609013,1.5170712238149915,1.5760346221675878
structured,77,REF-H,REF-H|78|0,1.554104267,1.5452635282659157,0.43519446426146685,0.012455218973276701,1.514649412905669,1.5764964165588984
structured,78,REF-H,REF-H|78|0,1.558212039,1.546661241001478,0.43609856959071885,0.012109610658616585,1.5168614409451107,1.5770464788964167
structured,79,REF-H,REF-H|78|0,1.53051523,1.5458150768824983,0.43555132909273797,0.012868120319605453,1.514185244878534,1.5781056247902683
structured,80,REF-H,REF-H|78|1,1.784621465,1.8008035116042138,0.5882329606330364,0.012262263672028005,1.7656740199701746,1.8366319324678322
structured,81,REF-H,REF-H|78|1,1.785694453,1.8008493444902165,0.5882584116622369,0.014470749004337957,1.7594650488219157,1.84320703825421
structured,82,REF-H,REF-H|78|1,1.782368028,1.799703922332969,0.5876221637797563,0.01395043496185037,1.7598164223480144,1.8404955010813933
structured,83,REF-H,REF-H|78|1,1.780507953,1.7985579523301123,0.5869852062255155,0.014498048819148431,1.7571492441484913,1.8409424917446127
structured,84,REF-H,REF-H|78|1,1.776055593,1.7939532916104106,0.5844217274060318,0.014455659571538687,1.752769961350944,1.8361042712070175
structured,85,REF-H,REF-H|78|2,1.938208455,1.9383768005470168,0.6618509220968329,0.011366038238451871,1.9033021077096648,1.974097861647532
structured,86,REF-H,REF-H|78|2,1.911437437,1.9379427951923394,0.6616269955883128,0.01172478169510365,1.9017795403402877,1.9747937117705554
structured,87,REF-H,REF-H|78|2,1.923432268,1.9394363267247452,0.6623973776218002,0.011618451629948744,1.9035703590473432,1.9759780601448331
structured,88,REF-H,REF-H|78|2,1.920505128,1.9390569221409821,0.6622017322715941,0.011455696051848985,1.903695687693407,1.9750749931353542
structured,89,REF-H,REF-H|78|2,1.919376439,1.9393039718402958,0.6623291312973171,0.012038837053123625,1.902155324774726,1.977178123264436
structured,90,REF-H,REF-H|78|3,2.040158836,2.0752005494698897,0.7300577993592525,0.01136020163975644,2.0376691547177406,2.1134232269991178
structured,91,REF-H,REF-H|78|3,2.037969438,2.0692205053714074,0.7271719689045233,0.011370499449005783,2.0317636491739455,2.107367902556138
structured,92,REF-H,REF-H|78|3,2.033320463,2.0662531579308907,0.725736898491138,0.011427436315222575,2.0286644371632048,2.1045383526461983
structured,93,REF-H,REF-H|78|3,2.03964518,2.070813008210157,0.7279412877576528,0.011363174402942627,2.0333512537383513,2.108964944983483
structured,94,REF-H,REF-H|78|3,2.281476134,2.0607306064858477,0.7230605832659575,0.011560037525219946,2.02281137268755,2.0993606669639155
structured,95,REF-H,REF-H|78|4,2.135519827,2.173960271519423,0.7765505141619488,0.011456373316321393,2.1343129455037815,2.2143440923698554
structured,96,REF-H,REF-H|78|4,2.147060755,2.16665633658227,0.7731851204908561,0.011369806044644312,2.1274380751365554,2.2065975671469453
structured,97,REF-H,REF-H|78|4,2.126650918,2.1738729104208305,0.7765103281221682,0.011486105021020534,2.1341252350088267,2.2143608787054085
structured,98,REF-H,REF-H|78|4,2.140666462,2.165690240680691,0.7727391285092068,0.011371936624557176,2.12648218745971,2.205621211519532
structured,99,REF-H,REF-H|78|4,2.126986323,2.1683057733649096,0.7739461130072406,0.011376078611662328,2.1290362003722056,2.208299664414188
structured,100,REF-H,REF-H|91|0,1.451032592,1.4520790185587509,0.3729963354168705,0.012072824198607035,1.4241857192840026,1.480518620281204
structured,101,REF-H,REF-H|91|0,1.453666466,1.455444042868097,0.3753110381660452,0.011806565093294908,1.4280968703414338,1.4833148968485428
structured,102,REF-H,REF-H|91|0,1.459555408,1.4555832501414372,0.3754066795046068,0.011773955874248846,1.428308288695291,1.4833790539909895
structured,103,REF-H,REF-H|91|0,1.454308543,1.4452128646305462,0.3682566218781793,0.013820811817862332,1.4134764083975229,1.4776618921157296
structured,104,REF-H,REF-H|91|0,1.444621118,1.4514281683974115,0.37254801541603516,0.012261136818018386,1.4231167541994805,1.4803028084666712
structured,105,REF-H,REF-H|91|1,1.61734636,1.6303545131956994,0.4887974839286476,0.011519491651279988,1.6004588250970275,1.6608086362586936
structured,106,REF-H,REF-H|91|1,1.623058986,1.6271815326414687,0.4868493970844504,0.011594952905055203,1.5971503841974908,1.6577773554491058
structured,107,REF-H,REF-H|91|1,1.623296224,1.6295353573953175,0.48829491736956643,0.011526474430458048,1.5996367444992374,1.6599928015736767
structured,108,REF-H,REF-H|91|1,1.621401232,1.6281607971303829,0.48745103243904675,0.011684551127871316,1.5978815472930272,1.659013827278467
structured,109,REF-H,REF-H|91|1,1.62598191,1.6274698825638485,0.48702658959224837,0.011771260951428258,1.596980995105228,1.6585408509998343
structured,110,REF-H,REF-H|91|2,1.702401974,1.7164614157600717,0.5402648552243242,0.01144199336948438,1.6851965995417981,1.7483062763087387
structured,111,REF-H,REF-H|91|2,1.690640351,1.715675864470664,0.539807093055165,0.012092917913919301,1.6826647551319773,1.7493345973698056
structured,112,REF-H,REF-H|91|2,1.698220271,1.7151865480774098,0.5395218490915585,0.01266118767289194,1.680649756725982,1.7504330589596788
structured,113,REF-H,REF-H|91|2,1.712091122,1.715535594962293,0.5397253321318833,0.01206895944612118,1.6825919487688992,1.749124248297977
structured,114,REF-H,REF-H|91|2,1.695285852,1.7152828805885418,0.5395780119655679,0.01221349863543683,1.681953466127558,1.7492727472503051
structured,115,REF-H,REF-H|91|3,1.807301547,1.8160128829766145,0.5966433743040562,0.011627533811265365,1.7824033753540705,1.850256141083616
structured,116,REF-H,REF-H|91|3,1.808623623,1.8153322123232514,0.5962684880602698,0.011787379729638718,1.7812777982493482,1.8500376776363587
structured,117,REF-H,REF-H|91|3,1.789119385,1.8072937607940083,0.5918305666286358,0.01153996255819779,1.774095202892948,1.8411135617066685
structured,118,REF-H,REF-H|91|3,1.771407823,1.8074277069485272,0.5919046780951902,0.011392243005565603,1.774647807130463,1.8408130913183796
structured,119,REF-H,REF-H|91|3,1.790043673,1.806016657402099,0.5911236783199768,0.011398356864267045,1.7732449309350689,1.8393940452963202
structured,120,REF-H,REF-H|91|4,1.819460459,1.8315707907067456,0.6051739542543066,0.011784241733456505,1.797220812432289,1.8665772943226033
structured,121,REF-H,REF-H|91|4,1.814955834,1.8345700885224026,0.60681016987373,0.0119355352094314,1.7997263530522967,1.8700884187160072
structured,122,REF-H,REF-H|91|4,1.812952664,1.8312904473642633,0.6050208808372108,0.011758191514944678,1.797020934261196,1.866213486258784
structured,123,REF-H,REF-H|91|4,1.838870005,1.83367050709164,0.6063196996194768,0.011862506868418473,1.7990549222088166,1.8689521298491205
structured,124,REF-H,REF-H|91|4,1.812834022,1.8325201614767241,0.6056921568882547,0.012677843168866224,1.795572706859637,1.8702278829420802
physics_residual,0,REF-H,REF-H|0|0,1.620303606,1.6613302288162792,0.5076186241252557,0.03778492447656457,1.5621734165272008,1.7667808835938497
physics_residual,1,REF-H,REF-H|0|0,1.63337529,1.6560828310022253,0.504455073433324,0.038158357360240584,1.5562923660989483,1.762271924532444
physics_residual,2,REF-H,REF-H|0|0,1.613247766,1.6568797340600885,0.5049361552793048,0.03710266510029881,1.5597207500795602,1.760090998981065
physics_residual,3,REF-H,REF-H|0|0,1.619634628,1.6533620576052752,0.5028108254693858,0.0341287991725745,1.5639661899380586,1.7478677679323842
physics_residual,4,REF-H,REF-H|0|0,1.62582418,1.6634902631808384,0.5089179632466634,0.03717684762015571,1.5657544512162023,1.7673268331110465
physics_residual,5,REF-H,REF-H|0|1,1.970298186,1.9272921867516353,0.6561160057280563,0.011327767140315312,1.8920604044392682,1.9631800149714131
physics_residual,6,REF-H,REF-H|0|1,1.974189658,1.927979452657327,0.6564725387961527,0.011343162712068417,1.8926876473188587,1.9639293230102801
physics_residual,7,REF-H,REF-H|0|1,2.009617745,1.9264378941126246,0.6556726468860624,0.011451540496890138,1.8908405147793115,1.9627054375372481
physics_residual,8,REF-H,REF-H|0|1,1.985815243,1.9286182113755872,0.6568037938451604,0.011439477395720377,1.8930177356255908,1.9648881968981409
physics_residual,9,REF-H,REF-H|0|1,1.977638351,1.92917447262979,0.6570921770236366,0.011381803343238846,1.8937416074012745,1.9652703047242153
physics_residual,10,REF-H,REF-H|0|2,2.407462201,2.347012948493822,0.8531434338940691,0.01109659980372456,2.304976147628703,2.3898163918375595
physics_residual,11,REF-H,REF-H|0|2,2.409667195,2.341522981672979,0.8508015645294362,0.011100291860363739,2.2995706823243096,2.384240639283592
physics_residual,12,REF-H,REF-H|0|2,2.412513424,2.347277889506703,0.8532563118653347,0.011085092967759107,2.305279546783375,2.390041371882602
physics_residual,13,REF-H,REF-H|0|2,2.439860962,2.345331291385411,0.8524266675638773,0.011091130566896819,2.30334512789353,2.388082793038482
physics_residual,14,REF-H,REF-H|0|2,2.447293512,2.3461639645050454,0.8527816388823848,0.011098772967128087,2.3041342142216945,2.388960380157964
physics_residual,15,REF-H,REF-H|0|3,2.59828674,2.6383849010851597,0.970166950052562,0.011265580745526993,2.5904163717237774,2.6872416968403967
physics_residual,16,REF-H,REF-H|0|3,2.595157374,2.6624083807880283,0.9792311194718399,0.01109831720239992,2.614715292252366,2.710971403691234
physics_residual,17,REF-H,REF-H|0|3,2.609237849,2.6599876776858764,0.9783214903339592,0.011303522972239482,2.6114650027533153,2.709411934673004
physics_residual,18,REF-H,REF-H|0|3,2.606230363,2.6632999972834095,0.9795659543671873,0.01112382339091629,2.6154822818850003,2.7119919429994
physics_residual,19,REF-H,REF-H|0|3,2.625825079,2.6294426785964546,0.9667719144548149,0.011341170448438166,2.5813189133236887,2.678463619639357
physics_residual,20,REF-H,REF-H|0|4,2.796032201,2.8703938313022594,1.054449243807518,0.011247990815364211,2.8182878823883724,2.9234631416701635
physics_residual,21,REF-H,REF-H|0|4,2.825318246,2.8736240528480015,1.0555739693746777,0.011251523490804525,2.8214432323098584,2.9267699248891677
physics_residual,22,REF-H,REF-H|0|4,2.791102944,2.8722149084492217,1.0550834772336612,0.011250019104927095,2.8200665856454212,2.925327551593929
physics_residual,23,REF-H,REF-H|0|4,2.815625902,2.8709078247467406,1.0546282949971773,0.011248410868068949,2.8187906169099572,2.923988638513105
physics_residual,24,REF-H,REF-H|0|4,2.792069834,2.856976384777931,1.0497638574734633,0.011246414901628914,2.8051212012188405,2.9097901579554586
physics_residual,25,REF-H,REF-H|20|0,1.57697117,1.5717245707218301,0.4521734691915588,0.01174400618299936,1.541947038441559,1.6020771561048321
physics_residual,26,REF-H,REF-H|20|0,1.577337366,1.5721783917820469,0.452462168345942,0.011783684591851565,1.5422925884238952,1.6026433078514093
physics_residual,27,REF-H,REF-H|20|0,1.61221433,1.5732257418843392,0.45312812419548787,0.011704160449244284,1.5435199353395759,1.6035032514063503
physics_residual,28,REF-H,REF-H|20|0,1.579562325,1.575221535731729,0.45439591999368967,0.011582943117589527,1.5457831943502167,1.6052205093846117
physics_residual,29,REF-H,REF-H|20|0,1.585496492,1.5743430405091194,0.4538380681229778,0.01161435269080357,1.5448420853046296,1.604407358381066
physics_residual,30,REF-H,REF-H|20|1,2.068439161,1.9875135103113029,0.6868843651641532,0.012386709989651103,1.9478185392776564,2.0280174328430425
physics_residual,31,REF-H,REF-H|20|1,2.054266328,1.9890170858803395,0.6876405900211335,0.012305555120434901,1.9495497547004244,2.029283406789401
physics_residual,32,REF-H,REF-H|20|1,2.081963318,1.9828547088777049,0.6845375785113478,0.013053559346714864,1.9411433593151566,2.0254623532316605
physics_residual,33,REF-H,REF-H|20|1,2.067176743,1.9890432317431346,0.6876537350519817,0.01249872993256571,1.9489620929019258,2.029948654287274
physics_residual,34,REF-H,REF-H|20|1,2.077115055,1.9856955757249979,0.685969268740179,0.013023226623779102,1.9440205039419733,2.028264059694056
physics_residual,35,REF-H,REF-H|20|2,2.423679263,2.299033040759855,0.8324886174741415,0.011000704857282934,2.2582082669351924,2.3405958608410296
physics_residual,36,REF-H,REF-H|20|2,2.445719156,2.2976229567097373,0.8318750914260207,0.011011575927968913,2.256783263792656,2.3392017017743245
physics_residual,37,REF-H,REF-H|20|2,2.395958524,2.2961849484450285,0.831249027671781,0.011012575516172475,2.255367143955679,2.3377414766352156
physics_residual,38,REF-H,REF-H|20|2,2.420686055,2.2944281697898337,0.8304836489758602,0.011010411903536866,2.2536495360254665,2.335944672040452
physics_residual,39,REF-H,REF-H|20|2,2.408655836,2.296219592715399,0.8312641153105379,0.011051305082267293,2.2552589081861543,2.337924217406465
physics_residual,40,REF-H,REF-H|20|3,2.653221127,2.564521272272742,0.9417718227134434,0.011064089729880296,2.518722091834987,2.6111532420585437
physics_residual,41,REF-H,REF-H|20|3,2.624228809,2.5655094670336145,0.9421570815250617,0.011048469060087166,2.5197567442051327,2.6120929492800578
physics_residual,42,REF-H,REF-H|20|3,2.60025921,2.55848531101489,0.9394154079977068,0.01116898179067882,2.5123646803730577,2.6054525992249555
physics_residual,43,REF-H,REF-H|20|3,2.596814697,2.5637291489440055,0.9414628973412505,0.011116557514869745,2.517728954063276,2.6105697908973435
physics_residual,44,REF-H,REF-H|20|3,2.626273161,2.5611741533764802,0.9404658070047178,0.011125444783630388,2.515183395063566,2.6080058642236508
physics_residual,45,REF-H,REF-H|20|4,2.744274635,2.851200256931437,1.047740048407788,0.011184956578161457,2.7997301444226337,2.903616593663652
physics_residual,46,REF-H,REF-H|20|4,2.753957675,2.8501645531298023,1.04737673055407,0.011175656889896295,2.798755528163658,2.9025178863148584
physics_residual,47,REF-H,REF-H|20|4,2.736935587,2.848802314832781,1.0468986655452615,0.011140826226706289,2.7975765598774065,2.900966052329324
physics_residual,48,REF-H,REF-H|20|4,2.734202548,2.8502496958505605,1.0474066030219453,0.011178112502258686,2.7988279412903276,2.9026162018915986
physics_residual,49,REF-H,REF-H|20|4,2.77432198,2.8484570900171695,1.0467774757620685,0.011174922132308494,2.797082210205784,2.900775588241344
physics_residual,50,REF-H,REF-H|60|0,1.611688445,1.5623412823366158,0.4461855181643267,0.013623752625066465,1.5280561264293508,1.5973956978903392
physics_residual,51,REF-H,REF-H|60|0,1.573168356,1.5615864399387818,0.44570225319814805,0.011417939590435711,1.5328147933162666,1.5908981437508414
physics_residual,52,REF-H,REF-H|60|0,1.591521012,1.5618193257652935,0.44585137620323473,0.012352291841985672,1.530712199036492,1.5935586113897586
physics_residual,53,REF-H,REF-H|60|0,1.590890144,1.56380949387341,0.4471248277177351,0.011486053474769628,1.5348266089878546,1.5933396768129409
physics_residual,54,REF-H,REF-H|60|0,1.562819897,1.5615212087145955,0.4456604799187519,0.011432470182613003,1.532714490192727,1.5908693372885694
physics_residual,55,REF-H,REF-H|60|1,1.887938598,1.8983902374465824,0.6410062836096445,0.012591236886812464,1.8598556044458947,1.9377232754078209
physics_residual,56,REF-H,REF-H|60|1,1.882265456,1.8965892384721674,0.6400571353356943,0.011938982179488276,1.8600661209318805,1.9338295015482236
physics_residual,57,REF-H,REF-H|60|1,1.888222961,1.89435923324318,0.6388806458619685,0.011411760172087794,1.8594750867722116,1.929897813690524
physics_residual,58,REF-H,REF-H|60|1,1.898049223,1.8971236648367336,0.6403388785153825,0.011936034410010933,1.8605991885188566,1.934365134571853
physics_residual,59,REF-H,REF-H|60|1,1.90519172,1.896740513165542,0.6401368935973584,0.012392458002078647,1.8588410742430348,1.935412674130048
physics_residual,60,REF-H,REF-H|60|2,2.076783504,2.098068412580461,0.7410171179174182,0.01111523416954295,2.0604278644070084,2.13639659019791
physics_residual,61,REF-H,REF-H|60|2,2.08991134,2.1013842164161676,0.7425962782593525,0.011372539438144449,2.062819523989128,2.14066988102943
physics_residual,62,REF-H,REF-H|60|2,2.092450826,2.092852876814566,0.7385281480235668,0.011126059972151823,2.055269659387857,2.131123351130263
physics_residual,63,REF-H,REF-H|60|2,2.077633199,2.0904073718320664,0.7373589617354923,0.011126310312020224,2.0528672334936364,2.1286339948897597
physics_residual,64,REF-H,REF-H|60|2,2.072235994,2.0906333142566615,0.737467041250512,0.011126001988948413,2.0530901493745866,2.1288630000057296
physics_residual,65,REF-H,REF-H|60|3,2.189602401,2.2811391457989303,0.8246749435455695,0.011026147265527489,2.2405392745566437,2.322474710257403
physics_residual,66,REF-H,REF-H|60|3,2.213061572,2.2829675562808758,0.8254761564439987,0.011006108659642166,2.242408327172241,2.3242603944498916
physics_residual,67,REF-H,REF-H|60|3,2.217917509,2.2835349571159282,0.8257246620941359,0.011004309313086024,2.2429722208191483,2.3248312448854414
physics_residual,68,REF-H,REF-H|60|3,2.214895875,2.288662900339793,0.8279677607236506,0.011003655172948918,2.2480114707384256,2.3300494412829593
physics_residual,69,REF-H,REF-H|60|3,2.213814194,2.2903392215030465,0.8286999382564563,0.011010713043263776,2.2496321568188047,2.331782879994496
physics_residual,70,REF-H,REF-H|60|4,2.317880072,2.4347803462767894,0.8898565455978207,0.011168512174688278,2.3908915164965236,2.479474829248006
physics_residual,71,REF-H,REF-H|60|4,2.320070155,2.4316379421810765,0.8885650805628772,0.011160586040565435,2.3878365819173486,2.4762427741628783
physics_residual,72,REF-H,REF-H|60|4,2.317839676,2.4356759290210146,0.8902243069342118,0.011173876366055047,2.391750059578047,2.4804085223934305
physics_residual,73,REF-H,REF-H|60|4,2.311600606,2.4348728940064515,0.8898945555854343,0.011151293757080976,2.3910494490352994,2.4794995404044555
physics_residual,74,REF-H,REF-H|60|4,2.318385777,2.4285455597034376,0.8872925430573513,0.011182668737630503,2.384714132132331,2.4731826159312607
physics_residual,75,REF-H,REF-H|78|0,1.544718146,1.545677611421924,0.43546239764471295,0.01129916859748148,1.5174925991064068,1.5743861155288963
physics_residual,76,REF-H,REF-H|78|0,1.528644619,1.5454958332115634,0.4353447865084722,0.01157431253663178,1.5166343358065044,1.574906563884521
physics_residual,77,REF-H,REF-H|78|0,1.554104267,1.5450488019500004,0.4350554968735033,0.012185400539696254,1.5146873595069605,1.5760188301724332
physics_residual,78,REF-H,REF-H|78|0,1.558212039,1.5449514490653762,0.43499248530279255,0.011810509182549016,1.5155169937814301,1.5749575819757806
physics_residual,79,REF-H,REF-H|78|0,1.53051523,1.543995722480447,0.43437368118452857,0.012523039713653514,1.5128228209018135,1.5758109661624684
physics_residual,80,REF-H,REF-H|78|1,1.784621465,1.800236932087354,0.5879182851772093,0.011831019886660887,1.7658797793023329,1.8352625414464454
physics_residual,81,REF-H,REF-H|78|1,1.785694453,1.8003386051814714,0.5879747612006073,0.013233946581265659,1.7619489331060667,1.8395647185942867
physics_residual,82,REF-H,REF-H|78|1,1.782368028,1.7993272686399533,0.5874128553995813,0.01291676618220498,1.7618690975125961,1.8375818182191415
physics_residual,83,REF-H,REF-H|78|1,1.780507953,1.7982665835481384,0.586823191770985,0.01325880776556199,1.7598498338655812,1.8375219540196808
physics_residual,84,REF-H,REF-H|78|1,1.776055593,1.79412796297614,0.5845190893961729,0.01322296705884676,1.7559021235536223,1.8331859756615947
physics_residual,85,REF-H,REF-H|78|2,1.938208455,1.937846674703859,0.6615773951189134,0.011104328659927512,1.9031143987938062,1.9732128226452814
physics_residual,86,REF-H,REF-H|78|2,1.911437437,1.9365154003269187,0.6608901726014755,0.011346886731171308,1.901055813265539,1.9726364000126881
physics_residual,87,REF-H,REF-H|78|2,1.923432268,1.9383418041650737,0.6618328674555177,0.011261689538399705,1.9031128337332057,1.974222906375831
physics_residual,88,REF-H,REF-H|78|2,1.920505128,1.9382900607271523,0.6618061724069664,0.011159150565025516,1.9033798798593278,1.9738405345502195
physics_residual,89,REF-H,REF-H|78|2,1.919376439,1.9376483383310694,0.6614750410339278,0.011525935570419686,1.9016133803964526,1.9743661470526739
physics_residual,90,REF-H,REF-H|78|3,2.040158836,2.070470760225319,0.7277760018198838,0.011024729635902194,2.0336250748205433,2.107984024206774
physics_residual,91,REF-H,REF-H|78|3,2.037969438,2.0652067147703503,0.7252303254079369,0.011063292955964582,2.0283273074089085,2.1027566700667157
physics_residual,92,REF-H,REF-H|78|3,2.033320463,2.0628395390054504,0.7240834506498348,0.011153749960982222,2.0257039387206266,2.1006559163683822
physics_residual,93,REF-H,REF-H|78|3,2.03964518,2.06661205014336,0.7259105756837404,0.011044578491555069,2.0297694142043885,2.104123422054719
physics_residual,94,REF-H,REF-H|78|3,2.281476134,2.0566413115746127,0.721074220927462,0.011114551013699823,2.019746236594946,2.094210355656482
physics_residual,95,REF-H,REF-H|78|4,2.135519827,2.1631565431287703,0.7715685175045711,0.01118355223376123,2.1241119133791693,2.202918876640909
physics_residual,96,REF-H,REF-H|78|4,2.147060755,2.1561514171710905,0.7683248811795337,0.011076479399207561,2.1176024858214784,2.1954020950090767
physics_residual,97,REF-H,REF-H|78|4,2.126650918,2.1633529507301965,0.7716593101409168,0.01121581360400027,2.1241931586641014,2.203234658931086
physics_residual,98,REF-H,REF-H|78|4,2.140666462,2.1556140286969097,0.7680756150802015,0.011083415957933832,2.1170507873229494,2.1948797206659005
physics_residual,99,REF-H,REF-H|78|4,2.126986323,2.157552218825714,0.7689743470780126,0.011085375043961716,2.1189475427554125,2.196860225669629
physics_residual,100,REF-H,REF-H|91|0,1.451032592,1.4519940493035202,0.37293781811839377,0.011919232960199921,1.4240784239164173,1.480456893248018
physics_residual,101,REF-H,REF-H|91|0,1.453666466,1.4552776170299155,0.3751966845054698,0.011577176524906163,1.4280942461116568,1.482978415741537
physics_residual,102,REF-H,REF-H|91|0,1.459555408,1.4543809957605904,0.37458037763444074,0.011561479185467441,1.4272508621230044,1.4820268370223415
physics_residual,103,REF-H,REF-H|91|0,1.454308543,1.44534880940455,0.36835068302575846,0.013507116185496156,1.413899589705451,1.4774975507860115
physics_residual,104,REF-H,REF-H|91|0,1.444621118,1.4523651692699262,0.3731933787708452,0.01206592703409666,1.4241021194151966,1.4811891339468448
physics_residual,105,REF-H,REF-H|91|1,1.61734636,1.6251449052472715,0.4855969842659327,0.011265270664307112,1.5955989186138049,1.655238000127028
physics_residual,106,REF-H,REF-H|91|1,1.623058986,1.6241746639641947,0.484999787658307,0.01136910995718001,1.594376647074891,1.6545295892930223
physics_residual,107,REF-H,REF-H|91|1,1.623296224,1.626488956557161,0.4864236772108079,0.01130753420745216,1.596808614401413,1.6567209757908863
physics_residual,108,REF-H,REF-H|91|1,1.621401232,1.6257215884374998,0.48595177164178943,0.011443334425919795,1.5957022748832619,1.6563056434228005
physics_residual,109,REF-H,REF-H|91|1,1.62598191,1.6252464323073716,0.4856594549345935,0.011516656113919362,1.5950454016891604,1.656019297588995
physics_residual,110,REF-H,REF-H|91|2,1.702401974,1.7211346516988766,0.5429837545516285,0.011154420998209808,1.6901486357065962,1.7526887438749847
physics_residual,111,REF-H,REF-H|91|2,1.690640351,1.7195420924067413,0.5420580300361858,0.011611184655058185,1.687329019209302,1.7523701506325955
physics_residual,112,REF-H,REF-H|91|2,1.698220271,1.7184433225311444,0.5414188359847898,0.01197889237428742,1.6852412601146716,1.7522995209308725
physics_residual,113,REF-H,REF-H|91|2,1.712091122,1.7194063770726742,0.541979101645521,0.01159453350750095,1.6872416033931952,1.752184324742038
physics_residual,114,REF-H,REF-H|91|2,1.695285852,1.7189786284742503,0.5417302937895419,0.011689103319598682,1.6865620614239565,1.752018258169769
physics_residual,115,REF-H,REF-H|91|3,1.807301547,1.8136889577692403,0.5953628693882915,0.01109566059970855,1.781207123053238,1.8467631265113436
physics_residual,116,REF-H,REF-H|91|3,1.808623623,1.8134851663791587,0.5952505001535535,0.01149054689646398,1.7798618880578656,1.8477436203018043
physics_residual,117,REF-H,REF-H|91|3,1.789119385,1.8045070772157363,0.5902874670745815,0.01118713873431896,1.7719256625026139,1.837687585111588
physics_residual,118,REF-H,REF-H|91|3,1.771407823,1.804155981439704,0.5900928821153135,0.011043974576136067,1.7719940379207897,1.8369016688024336
physics_residual,119,REF-H,REF-H|91|3,1.790043673,1.8027880562935794,0.5893343867256449,0.01105821897880215,1.7706094196794828,1.8355514998350728
physics_residual,120,REF-H,REF-H|91|4,1.819460459,1.8272915581470337,0.6028348476671592,0.011421632255610482,1.793613606704407,1.8616018667535068
physics_residual,121,REF-H,REF-H|91|4,1.814955834,1.8278844929511642,0.6031592833720568,0.011643508532430848,1.793547359631297,1.8628790043537984
physics_residual,122,REF-H,REF-H|91|4,1.812952664,1.8273106391940648,0.6028452898690739,0.011401696356191557,1.7936905757833785,1.861560860715073
physics_residual,123,REF-H,REF-H|91|4,1.838870005,1.8280237284070409,0.6032354534767277,0.011541663461480063,1.7939815328626418,1.8627119011012903
physics_residual,124,REF-H,REF-H|91|4,1.812834022,1.8199472140537163,0.5988074974009122,0.012872274827476377,1.7821889181947448,1.8585054749958605
