surface,iso_pct_median,mah_pct_median,frac_flagged(>95)
D100,87.90968681718864,70.64821558630736,0.088
D200,60.81573197378004,56.80990531682447,0.04
D400,43.55426074289876,54.18790968681719,0.0
D50,98.32483612527312,90.89584850691915,0.856
D600,30.444282592862344,16.8244719592134,0.0
D800,28.55061908230153,30.80844865258558,0.0
S100,50.10924981791697,90.89584850691915,0.0
S200,35.1528384279476,60.33478893740902,0.0
S400,30.881281864530223,54.33357611070648,0.0
S50,76.40203932993444,100.0,1.0
S600,43.40859431900947,20.538965768390387,0.0
S800,48.98107714701601,33.33333333333333,0.0
REF-H,44.793057409879836,41.25500667556742,0.0
