cond,gly,V,We,Re,beta,Physics: Laan 2014 (A refit),"Physics: power law in We, Re",M1 XGB raw,M2 XGB Re/We/Oh+geo,M2b XGB Re/We only,M3 XGB hybrid,M4 MLP logRe/logWe+geo,M5 Power-law + XGB residual (geo),M5b Power-law + XGB residual (no geo)
REF-H|0|0,0,0.566524911,11.52631471,1561.828085,1.620303606,1.6491864826144969,1.7808850892168986,1.7047832,1.6441861,1.8402295,1.6259179,1.7172794390348833,1.7586443212949094,1.8530770398466343
REF-H|0|0,0,0.558349462,11.19773089,1539.521258,1.63337529,1.6326342830794462,1.7702716617768581,1.6755049,1.5842994,1.7188606,1.6113496,1.7090949720017221,1.6604449027269392,1.7688799002820526
REF-H|0|0,0,0.560234086,11.25902008,1542.740325,1.613247766,1.6356722246443727,1.772197929916835,1.6755049,1.5842994,1.7188606,1.6113496,1.7105900156438396,1.6622516661652127,1.770804654018402
REF-H|0|0,0,0.557354791,11.09964356,1528.759118,1.619634628,1.6272993476753224,1.7667531300124244,1.6755049,1.5842601,1.7209932,1.6113496,1.706416862611968,1.657386758981168,1.7835120583186879
REF-H|0|0,0,0.570165709,11.66717415,1570.819746,1.62582418,1.656134622054923,1.7853266679444209,1.7047832,1.6441861,1.8406513,1.6259179,1.7207059182494453,1.781675505361556,1.8754061301786966
REF-H|0|1,0,0.904091587,29.0440291,2466.07455,1.970298186,2.237410409222608,2.155300369103137,1.9609326,1.9481744,1.9389027,1.9206828,1.9306908990192584,1.9930610246529246,1.9362131881445948
REF-H|0|1,0,0.905460971,29.14591592,2470.982892,1.974189658,2.2399082548982974,2.156895349644622,1.9609326,1.9481744,1.9389027,1.9206828,1.9309202685797526,1.9945359436933907,1.9376460382491687
REF-H|0|1,0,0.905954097,29.22394124,2476.249261,2.009617745,2.2419451046383894,2.158199342708504,1.9593768,1.9552,1.9421815,1.9203383,1.9310708280727102,1.9957417792183585,1.939335250662872
REF-H|0|1,0,0.907989627,29.35107091,2481.446011,1.985815243,2.24496798757539,2.1601276482845164,1.9593768,1.9552,1.9421815,1.9203383,1.93137001330445,1.9975249323891486,1.9410680057905412
REF-H|0|1,0,0.907613855,29.3050871,2478.584136,1.977638351,2.243792144304511,2.1593753711666417,1.9593768,1.9552,1.9421815,1.9203383,1.931277894515943,1.9968292826203888,1.9403920174774643
REF-H|0|2,0,1.191067674,49.57050992,3194.837068,2.407462201,2.626622152028479,2.4059954710585383,2.3254087,2.363383,2.3863316,2.3093457,2.223572328901115,2.3635795374212183,2.3801242898703183
REF-H|0|2,0,1.186844157,49.27614126,3187.166571,2.409667195,2.6222322155167848,2.4031226012830595,2.3338318,2.3608766,2.3722155,2.3195977,2.2190893178731077,2.3498984968675978,2.37008420900159
REF-H|0|2,0,1.190117559,49.59191542,3198.768318,2.412513424,2.6272305430282517,2.4063685662440664,2.3346171,2.3710797,2.3863316,2.314449,2.224204482826587,2.3667159897327608,2.380710814246289
REF-H|0|2,0,1.189394365,49.48035346,3193.512958,2.439860962,2.6253679577121045,2.405166986775335,2.3364954,2.3637483,2.3863316,2.3190913,2.2222941862281713,2.3627656587076427,2.379304714110535
REF-H|0|2,0,1.190525931,49.52464694,3193.333634,2.447293512,2.6259130263926043,2.4055336212120175,2.3254087,2.363383,2.3863316,2.3093457,2.2228468110678405,2.3631258296483946,2.3796674062015004
REF-H|0|3,0,1.386136454,66.53264126,3684.601679,2.59828674,2.8549526028595538,2.556259477396361,2.667904,2.6618955,2.6687465,2.638094,2.467156240002898,2.6643185198789294,2.6749027026692573
REF-H|0|3,0,1.397549526,67.84282033,3726.477066,2.595157374,2.871000249131051,2.566849616685061,2.6742642,2.6521204,2.6767023,2.632088,2.484833294679691,2.6564276441582826,2.662626742552727
REF-H|0|3,0,1.399664957,67.80932752,3719.008013,2.609237849,2.8700458725668927,2.5662945948234674,2.6883497,2.669821,2.6786602,2.6468165,2.4838165386763094,2.6595069291943387,2.670473158161772
REF-H|0|3,0,1.398461942,67.89903926,3727.131739,2.606230363,2.8715860908958177,2.567249739642262,2.6742642,2.655688,2.6837778,2.646451,2.485486464655754,2.661817635269064,2.6784294874223393
REF-H|0|3,0,1.382142238,66.07703916,3669.945388,2.625825079,2.8493088706572363,2.5525377395990496,2.6703885,2.6618955,2.6687465,2.6428924,2.4609563486449253,2.6604394555557684,2.6710082285046886
REF-H|0|4,0,1.582053873,88.96942144,4316.992202,2.796032201,3.095633948574157,2.716934950438488,2.8925266,2.9666297,2.9587266,2.8653867,2.7524587870611685,2.979902430624124,2.983666609137889
REF-H|0|4,0,1.583958905,89.1771494,4321.867439,2.825318246,3.097554462086286,2.718239300483117,2.8925266,2.9402533,2.91363,2.8514588,2.7551025129509985,2.9490917566581443,2.9418303582849545
REF-H|0|4,0,1.583542013,89.13954111,4321.182117,2.791102944,3.097223440096362,2.7180113641277197,2.8925266,2.9402533,2.91363,2.8514588,2.7546416623484427,2.948844462306015,2.941583672833109
REF-H|0|4,0,1.581996645,88.95633511,4316.513368,2.815625902,3.0954985524262395,2.7168456978163196,2.8925266,2.9666297,2.9587266,2.8653867,2.7522768559894755,2.979804539393531,2.983568594252218
REF-H|0|4,0,1.580429151,88.91277916,4318.678949,2.792069834,3.095360641462666,2.7167019985125775,2.8794067,2.9450188,2.881304,2.8472607,2.7520056768216463,2.9532782429275555,2.941441625774431
REF-H|20|0,20,0.520100971,9.754450069,838.2474147,1.57697117,1.493453977740376,1.6613639446333743,1.5615541,1.5712478,1.5676538,1.5615226,1.6319030412756599,1.560411811194794,1.5763248328672068
REF-H|20|0,20,0.522732637,9.851125603,842.2932821,1.577337366,1.498521104099408,1.6647439826811958,1.5608361,1.5709287,1.5696403,1.5584052,1.634582127424992,1.5591360559730107,1.5748992728161817
REF-H|20|0,20,0.525056919,9.944199153,846.4874513,1.61221433,1.5034075794600323,1.6680139674951724,1.5604521,1.5691961,1.5693972,1.5577713,1.6371663819613933,1.5537102011080957,1.570985361835004
REF-H|20|0,20,0.528196428,10.07647385,852.6488673,1.579562325,1.510324889595277,1.6726493803392073,1.5596913,1.566947,1.5690944,1.5557271,1.640823297002374,1.5464460850728061,1.564087388764209
REF-H|20|0,20,0.526753013,10.01617482,849.8689539,1.585496492,1.5071834977792662,1.6705453667071233,1.5611607,1.5671638,1.5690944,1.5561714,1.6391631768812933,1.5537551673693575,1.5718356980591581
REF-H|20|1,20,0.930029236,31.76662584,1494.951942,2.068439161,2.1804070111394056,2.1193227473655174,1.9875603,2.007441,2.007639,1.9930793,1.9377303399203278,2.0166376588420274,2.0131168265648145
REF-H|20|1,20,0.931207311,31.83617839,1496.329706,2.054266328,2.18178961451247,2.120258034041506,1.9875603,2.0176709,2.007639,1.9930793,1.9381797306516961,2.017527629156816,2.0140052430872317
REF-H|20|1,20,0.928620534,31.7665587,1497.216596,2.081963318,2.180739471257091,2.11953003546165,1.9963593,2.0089684,2.007639,1.9944017,1.937774972414723,2.0168349034483106,2.013313726803247
REF-H|20|1,20,0.932228334,31.93652241,1499.401947,2.067176743,2.1839400780533245,2.1217043545531724,1.9956082,2.007441,2.007639,1.9961339,1.938848128712363,2.012450696648082,1.9999199407899437
REF-H|20|1,20,0.931448002,31.95880631,1501.705182,2.077115055,2.184655707011125,2.1221737442750412,1.9963593,2.0071855,1.9775058,1.9929315,1.939028474422571,2.01635950377056,1.9939005740639109
REF-H|20|2,20,1.19131532,52.08281155,1939.176031,2.423679263,2.5176707624423615,2.3495092777019124,2.3229775,2.350376,2.3376184,2.2853086,2.11425098796355,2.361699904717977,2.338630420970276
REF-H|20|2,20,1.190290137,51.94873892,1935.850056,2.445719156,2.515745116912959,2.348191792090649,2.3245084,2.350376,2.3376184,2.286582,2.1122097358628693,2.360375583221519,2.3373190356699785
REF-H|20|2,20,1.189106405,51.84217609,1933.80218,2.395958524,2.5142977386854826,2.347189794309628,2.3245084,2.349014,2.3351295,2.2877066,2.1106704396204643,2.3483798127483486,2.331487035132342
REF-H|20|2,20,1.187632746,51.71868116,1931.589425,2.420686055,2.5126406566300057,2.346039388379157,2.3240607,2.3486886,2.3351295,2.2880201,2.1089073281992126,2.3472288235653975,2.330344325446685
REF-H|20|2,20,1.189323406,51.80266047,1931.975612,2.408655836,2.5136067943541534,2.3467338112592575,2.3266356,2.3500674,2.3351295,2.2884743,2.109946553928147,2.34792359851589,2.3310341026201282
REF-H|20|3,20,1.414735652,73.42477184,2271.538243,2.653221127,2.7594802429751852,2.5202716202907625,2.557447,2.572632,2.6002946,2.5465443,2.380515188972613,2.6059465328150115,2.5929456018113406
REF-H|20|3,20,1.415556989,73.49177038,2272.291775,2.624228809,2.7601060897690757,2.520726804330913,2.5601838,2.572632,2.6002946,2.5515814,2.381247934597999,2.606417190525741,2.5934139114353587
REF-H|20|3,20,1.409649141,72.99736854,2266.464489,2.60025921,2.7554386125163024,2.5173415313230647,2.563762,2.572504,2.6054072,2.5510912,2.375794630448616,2.598004356062519,2.5938652078580087
REF-H|20|3,20,1.413848339,73.39079741,2271.912106,2.596814697,2.7592707272660046,2.5200950778387523,2.561534,2.572632,2.6002946,2.5490015,2.380248689862792,2.605763988922914,2.5927639686211768
REF-H|20|3,20,1.411899634,73.19317036,2268.921542,2.626273161,2.757311496793826,2.5186949510720407,2.5638323,2.573679,2.6028507,2.5514622,2.3779776218957305,2.6036094729817107,2.5944833184352314
REF-H|20|4,20,1.592845318,93.7045028,2695.062376,2.744274635,2.957778494705498,2.6591141040205475,2.878639,2.905682,2.9249284,2.871588,2.629055036088115,2.8450829575289758,2.935213037894653
REF-H|20|4,20,1.592208347,93.6384128,2694.238955,2.753957675,2.957260725958156,2.6587341954945236,2.8894393,2.905682,2.9249284,2.8653593,2.6286063721748287,2.8446764795703294,2.934793683021123
REF-H|20|4,20,1.591638459,93.64349613,2695.349944,2.736935587,2.9574406557272375,2.6588304604580983,2.915917,2.905682,2.9249284,2.8856149,2.6288001073990346,2.8447794769583914,2.9348999432886878
REF-H|20|4,20,1.59224429,93.63822099,2694.172616,2.734202548,2.957250669688107,2.6587289997983428,2.8894393,2.905682,2.9249284,2.8653593,2.6285953491620484,2.8446709205058895,2.9347879478497187
REF-H|20|4,20,1.591022935,93.48285443,2691.767147,2.77432198,2.9559694976491313,2.6578050571361764,2.8915422,2.9254189,2.9279296,2.895278,2.6274684299396767,2.857774233260662,2.938780401670627
REF-H|60|0,60,0.533978277,11.50130342,159.9336931,1.611688445,1.3523943933236986,1.5356233587771018,1.558295,1.5626286,1.5689539,1.5518422,1.5318695881490176,1.5076799865975685,1.5390092470727452
REF-H|60|0,60,0.53440988,11.41629055,158.6233179,1.573168356,1.3487500730219955,1.5328194282080296,1.5575492,1.5659968,1.5692251,1.5525782,1.5295354050323753,1.5138393717746965,1.5607844116416627
REF-H|60|0,60,0.536474752,11.56411074,160.0587603,1.591521012,1.3543759851842698,1.5371606636850155,1.5602258,1.5651699,1.5689539,1.5524602,1.5337323832463121,1.5447513561255835,1.564735745051711
REF-H|60|0,60,0.540482834,11.58616252,159.1747606,1.590890144,1.354295970949116,1.537119318290999,1.5604204,1.56551,1.5693133,1.553695,1.534547238560952,1.561338187192471,1.5785901298052498
REF-H|60|0,60,0.532853148,11.34783511,158.1328055,1.562819897,1.3462722751831262,1.5309047755589669,1.5582138,1.5645436,1.5692251,1.5529598,1.5275462285464834,1.489152775703357,1.553756271477195
REF-H|60|1,60,0.940407848,36.02015279,297.1229903,1.887938598,1.8753646174641454,1.9507776131180654,1.9040954,1.9126955,1.902195,1.8827085,1.880267441137856,1.9074146768840108,1.890408701006714
REF-H|60|1,60,0.940689581,35.94897313,296.4470323,1.882265456,1.8741109751962335,1.9498166470860858,1.9036593,1.9161923,1.902195,1.8825176,1.8801237098470933,1.9064750717229413,1.8894774731025132
REF-H|60|1,60,0.940481442,35.81969474,295.4463312,1.888222961,1.872001823729325,1.9481645414613444,1.9013877,1.9160944,1.902195,1.8833851,1.8798252655376133,1.904859689992495,1.8887874523609234
REF-H|60|1,60,0.941378386,36.00227567,296.669351,1.898049223,1.874834588548211,1.9504154216331533,1.9047405,1.9161923,1.902195,1.8825176,1.8802771401276424,1.907060536386643,1.8900577179269904
REF-H|60|1,60,0.939070792,35.88996454,296.4706104,1.90519172,1.8735135923587314,1.9492680850111685,1.8869689,1.9126955,1.902195,1.8458073,1.8799100211744462,1.9059387033814947,1.8889458868712112
REF-H|60|2,60,1.210601548,59.21382248,362.0616527,2.076783504,2.10998294875841,2.1549080183073066,2.1135936,2.1135633,2.122393,2.084737,1.898150767412149,2.1173023583804125,2.1109728390946043
REF-H|60|2,60,1.210100696,59.39159501,363.2989435,2.08991134,2.112027456748229,2.156512118270314,2.113034,2.1135633,2.122393,2.0837767,1.8977834357163932,2.11887846492691,2.1087308930241
REF-H|60|2,60,1.204117678,58.58644051,360.1544933,2.092450826,2.1045983829816364,2.1501715655916858,2.1132057,2.1114526,2.1060128,2.0667326,1.8992755545858884,2.1123457197107864,2.1015360465981656
REF-H|60|2,60,1.201461709,58.29923623,359.1811925,2.077633199,2.1020424341471786,2.1479523240634584,2.1126673,2.1114526,2.1060128,2.0667326,1.8998018443370732,2.1101655191081123,2.0993670029077407
REF-H|60|2,60,1.201704977,58.32596014,359.2730938,2.072235994,2.1022816802945283,2.148159668271497,2.1126673,2.1114526,2.1060128,2.0667326,1.8997526666319562,2.1103692157141722,2.099569657121116
REF-H|60|3,60,1.420102924,82.00129309,414.2931081,2.189602401,2.2686468045386423,2.3008430368371693,2.2645972,2.2800088,2.2847142,2.2502244,1.9870153575786818,2.2954824720912725,2.2876219652978693
REF-H|60|3,60,1.418171074,81.88162685,414.252053,2.213061572,2.268085562913678,2.3002422540562435,2.263249,2.2807815,2.3046947,2.2528176,1.9865444166292088,2.29415437530408,2.3010130590546596
REF-H|60|3,60,1.418284884,81.90910675,414.3578252,2.217917509,2.2682862121612404,2.3004149720116116,2.263249,2.2800088,2.2847142,2.2528176,1.98668621392308,2.295055404582427,2.287196360212325
REF-H|60|3,60,1.42015078,82.23680516,415.4689789,2.214895875,2.270563532970283,2.302417445878632,2.2634628,2.2800088,2.286871,2.2502244,1.9883222295807141,2.297053213033057,2.2891873274924865
REF-H|60|3,60,1.420681165,82.33845402,415.8272204,2.213814194,2.2712786433581407,2.3030423073206694,2.2772434,2.288698,2.286871,2.257409,1.9888334787689892,2.2959571493510724,2.2887818036652354
REF-H|60|4,60,1.60075318,104.1236479,477.0002889,2.317880072,2.4005550269993083,2.4207459247850163,2.4280183,2.4303799,2.456581,2.4115884,2.0923369861437724,2.448583928077843,2.4431884337889573
REF-H|60|4,60,1.603557675,104.8614664,479.5401586,2.320070155,2.404889378316203,2.4245640193103717,2.420474,2.42135,2.4220946,2.4025278,2.0961105009671397,2.431367798556531,2.426442717912752
REF-H|60|4,60,1.601900908,104.2748303,477.3506135,2.317839676,2.4013253424680587,2.42147390428894,2.4280183,2.4303799,2.4513943,2.4091067,2.0930508321386987,2.4472967572647826,2.445863838184419
REF-H|60|4,60,1.601704112,104.294622,477.4998773,2.311600606,2.4014988669412225,2.4216031633160156,2.4254231,2.4303799,2.4513943,2.4091067,2.093181222889361,2.4474273947237486,2.4459943991537205
REF-H|60|4,60,1.600765582,104.5725375,479.0529834,2.318385777,2.4035511020089535,2.4232377303381036,2.4197302,2.426256,2.4436047,2.403109,2.0948161244345362,2.4386005448807357,2.446383635253835
REF-H|78|0,78,0.543138347,12.26721565,40.79988598,1.544718146,1.1885847458794485,1.4213171664714326,1.5415035,1.5469525,1.5461404,1.5353884,1.5265853267818237,1.5433118306237483,1.5445988528801844
REF-H|78|0,78,0.54293294,12.3002085,40.92509514,1.528644619,1.189690121287284,1.4222657890431853,1.5409278,1.5475913,1.5469327,1.5347035,1.527365543081522,1.5443418754809546,1.5474203457029099
REF-H|78|0,78,0.543801491,12.39386941,41.17085985,1.554104267,1.192456141976953,1.4247019536637446,1.5431556,1.5459012,1.5460799,1.5350392,1.5294832394521372,1.5450270442883283,1.5469470595740786
REF-H|78|0,78,0.539938107,12.1861827,40.77060168,1.558212039,1.1867790462567969,1.4196089915540715,1.5412725,1.5451733,1.5461404,1.5348732,1.5248869361716963,1.5419205619903937,1.5427425149141658
REF-H|78|0,78,0.538329592,12.16278888,40.81392197,1.53051523,1.186425773922071,1.4192310255782858,1.5439286,1.5451733,1.5461404,1.5349993,1.5244366464938353,1.541510030982726,1.54233176506438
REF-H|78|1,78,0.93951263,37.02381645,72.9873463,1.784621465,1.577004582361073,1.7895678504300256,1.8026801,1.8339881,1.8673412,1.770721,1.7413478635493378,1.8198323523713793,1.80736196530634
REF-H|78|1,78,0.939684917,37.23678904,73.39373346,1.785694453,1.5796759466561918,1.7920043055463832,1.8032271,1.8311287,1.8256983,1.7703409,1.743329172055458,1.8194316480558206,1.8093654922786462
REF-H|78|1,78,0.937973855,37.05991974,73.17837369,1.782368028,1.577810678692065,1.7901755513303423,1.7985631,1.8339881,1.8673412,1.7673795,1.7419086722457808,1.8204503304819584,1.807975708726714
REF-H|78|1,78,0.93638683,36.9732023,73.13087714,1.780507953,1.5770612384029408,1.7893688715526177,1.7985631,1.8339881,1.8443589,1.767057,1.741317100713687,1.8196300084376422,1.8068683474471205
REF-H|78|1,78,0.929850499,36.44112307,72.58512622,1.776055593,1.5716950702465509,1.7839836297713543,1.7976105,1.821188,1.8687729,1.75856,1.7371959351571056,1.8009687386903726,1.780388912352919
REF-H|78|2,78,1.185530113,59.234525,90.63452787,1.938208455,1.74782248083529,1.9699064735531762,1.9625386,1.9750589,1.9641112,1.9376631,1.7933360170973351,1.9651296556911684,1.950049386239383
REF-H|78|2,78,1.183725162,59.22695037,90.76112029,1.911437437,1.7481362772734876,1.9700408586696514,1.9605277,1.9750589,1.9670206,1.9408425,1.793503354208908,1.964811399286113,1.950182416724546
REF-H|78|2,78,1.186771499,59.48778951,90.9268361,1.923432268,1.7497044682873033,1.9717846792209683,1.9625199,1.9714701,1.9683925,1.9415059,1.7942440795102699,1.9651632959686678,1.948657142666881
REF-H|78|2,78,1.186487401,59.38633789,90.79350257,1.920505128,1.7489068939372572,1.9710101454266125,1.9618796,1.9714701,1.9670206,1.9410875,1.7938573631310237,1.964391363109976,1.9476197242182134
REF-H|78|2,78,1.185796558,59.51558746,91.04411851,1.919376439,1.7501433159517714,1.9721102186041184,1.9611232,1.9714701,1.9683925,1.9404128,1.794465691701074,1.9654877421690569,1.9489788637203407
REF-H|78|3,78,1.407507692,83.82773658,112.626403,2.040158836,1.8925111793297396,2.1226054025700414,2.069378,2.1066852,2.091014,2.0690715,1.8664518829233665,2.103370875103856,2.0983643387994713
REF-H|78|3,78,1.404710161,83.79996226,112.8133123,2.037969438,1.8928900527061001,2.122710986941178,2.05937,2.1065333,2.089462,2.060365,1.8665888682466123,2.1034755026954217,2.09846871735182
REF-H|78|3,78,1.404634576,83.98252354,113.065164,2.033320463,1.894055884161091,2.123823988414053,2.05937,2.1065333,2.0930703,2.059795,1.866779902150579,2.104578418423026,2.0995690078706724
REF-H|78|3,78,1.405849885,83.86704056,112.8120834,2.03964518,1.8930872110391574,2.1230057534999895,2.060565,2.1065333,2.089462,2.060365,1.8665901079423035,2.103767598152263,2.098760117550148
REF-H|78|3,78,1.385069611,81.38323877,111.1134468,2.281476134,1.8813500945519739,2.1098255623606006,2.0372934,2.1119492,2.135463,2.059121,1.8639192863585923,2.111226477552054,2.1374034707677256
REF-H|78|4,78,1.595032108,106.3607252,122.4802937,2.135519827,1.9752702975908263,2.2246700163892466,2.200016,2.1975021,2.1920388,2.1797888,1.888981900745146,2.210214024375033,2.1934673558544713
REF-H|78|4,78,1.593807103,106.6723882,122.9336056,2.147060755,1.977080736459952,2.2263390082852257,2.2091367,2.1971047,2.193348,2.1790621,1.8903168434197377,2.2170436284765396,2.1981946343755605
REF-H|78|4,78,1.593247044,106.0378128,122.2452517,2.126650918,1.9739620833713463,2.2232135014560734,2.20357,2.1975021,2.2057316,2.1786492,1.8878670308264074,2.2118028662590965,2.199960103393963
REF-H|78|4,78,1.59473041,106.8524855,123.0698616,2.140666462,1.9778197601651561,2.2271541595622093,2.2044945,2.1970005,2.2031257,2.1802018,1.8909420436865771,2.216819936231378,2.198948770861813
REF-H|78|4,78,1.595390875,106.8354905,122.9993464,2.126986323,1.9776100407214154,2.2270095896176656,2.204797,2.1970005,2.2031257,2.1802018,1.8908166628371996,2.2166760371061787,2.198806031797033
REF-H|91|0,91,0.527307266,12.00013163,9.379061523,1.451032592,0.9918771855539543,1.2871038938730914,1.4686632,1.4741417,1.4730898,1.4539765,1.4770483371767302,1.4741316367831983,1.4698297869563237
REF-H|91|0,91,0.53046076,12.12208764,9.418056407,1.453666466,0.9942355323102599,1.2897229183668761,1.469979,1.4770694,1.4700766,1.4538838,1.4777046548058739,1.4779614625774653,1.470509194027527
REF-H|91|0,91,0.526412106,11.93395242,9.343198252,1.459555408,0.9903920249367416,1.2855435407471107,1.4689192,1.4711084,1.4771951,1.4537866,1.476617756339901,1.4706991187120462,1.4743286616849751
REF-H|91|0,91,0.527046975,12.05054614,9.423115967,1.454308543,0.9932283992044901,1.2884369302978664,1.4694266,1.4751934,1.4697291,1.4539678,1.4774567409424817,1.4747217612753452,1.4683204386787923
REF-H|91|0,91,0.531131313,12.18321716,9.453599732,1.444621118,0.9956246835817456,1.2911703594140347,1.4714396,1.4770694,1.4759656,1.454711,1.478109563759091,1.4796201615558178,1.4744530838993666
REF-H|91|1,91,0.926716141,37.38847622,17.54072997,1.61734636,1.293684080216029,1.6343021114079133,1.6406461,1.6641066,1.6597161,1.6262274,1.589731483296307,1.6550627509912312,1.64362385503028
REF-H|91|1,91,0.928521284,37.65068679,17.62940536,1.623058986,1.2958597614648615,1.6368307065139807,1.6417905,1.6630871,1.6571976,1.6261138,1.5902160715545985,1.657623466995438,1.643686438343787
REF-H|91|1,91,0.934439389,38.12659093,17.73917681,1.623296224,1.2992328281981766,1.6410812169322544,1.6399726,1.662897,1.6548617,1.6244129,1.590001520803428,1.6593710600209066,1.643559484703987
REF-H|91|1,91,0.934074161,38.14131809,17.75296772,1.621401232,1.299447946812021,1.6412744833133595,1.6417905,1.662897,1.6512957,1.6244129,1.5900440460738483,1.6580630660662632,1.6435094522644522
REF-H|91|1,91,0.93349828,38.11235354,17.75042971,1.62598191,1.2992879940031434,1.6410418037035759,1.6417905,1.662897,1.6512957,1.6244129,1.5900842476306223,1.6578280063787267,1.6432764558083954
REF-H|91|2,91,1.174998137,60.23757057,22.77064296,1.702401974,1.4286771439426564,1.8063829164266354,1.7245814,1.7413772,1.7392553,1.707123,1.6670049288335405,1.7339883452348015,1.721142056261255
REF-H|91|2,91,1.174646306,60.4302857,22.85033408,1.690640351,1.4299779514145,1.8077991380315046,1.71396,1.7414594,1.7428523,1.7135034,1.667537363456419,1.7350878002655743,1.7235207070202228
REF-H|91|2,91,1.173767815,60.44840897,22.87429414,1.698220271,1.4302576364804216,1.8080165761464395,1.7147287,1.7414594,1.7428523,1.7134587,1.667623299402527,1.7352964928202943,1.7237280083103395
REF-H|91|2,91,1.174190528,60.37687976,22.83900166,1.712091122,1.4297207743821034,1.8074622205414883,1.71396,1.7413772,1.726287,1.7138314,1.6674134744002684,1.7350243939812218,1.7221704294188376
REF-H|91|2,91,1.173630185,60.34965754,22.83960364,1.695285852,1.429650690210613,1.8073231426619063,1.71396,1.7413772,1.726287,1.7138314,1.6673642309454446,1.7348908899383735,1.722037914443487
REF-H|91|3,91,1.446522111,91.73610883,28.16827564,1.807301547,1.5470055238288412,1.9708941109296068,1.8143605,1.8254297,1.8674643,1.8013572,1.7181274323603417,1.848439690954318,1.8770522362797437
REF-H|91|3,91,1.447461862,91.24667445,27.99980065,1.808623623,1.544679690233987,1.9682900554580953,1.8115456,1.8298455,1.8674643,1.7999678,1.7170410585377331,1.8459974291076284,1.874572169938741
REF-H|91|3,91,1.406927729,86.63036578,27.34912162,1.789119385,1.5306341055919488,1.9475750057235721,1.7980769,1.831092,1.743261,1.7864919,1.709932095500809,1.830868508495174,1.786597472564195
REF-H|91|3,91,1.410730404,87.44496571,27.53187627,1.771407823,1.533752053114133,1.9515996898899808,1.805036,1.8310925,1.7742903,1.7913902,1.7114490142676901,1.8425942989477773,1.8074786361593314
REF-H|91|3,91,1.409290444,87.39535934,27.54437287,1.790043673,1.533770788385462,1.9514639733686048,1.8026191,1.8310925,1.7742903,1.7864085,1.7114411381813504,1.8424661627885761,1.8073529419843262
REF-H|91|4,91,1.585776988,109.8774546,29.48730272,1.819460459,1.586747440470696,2.0399582715571,1.8418205,1.9065695,1.7973334,1.8103396,1.7394934667139172,1.8741023273765565,1.8568227888710307
REF-H|91|4,91,1.586446976,109.594771,29.39901922,1.814955834,1.5855848653087141,2.038645417658248,1.8395323,1.9065695,1.7973334,1.8086553,1.7389528053301053,1.8728962132213556,1.8556277952910953
REF-H|91|4,91,1.587514535,110.1886155,29.53844206,1.812952664,1.5876252396062545,2.041194086293634,1.8418205,1.9058228,1.82128,1.8106368,1.7399316999783339,1.8744172812060356,1.8636942457519068
REF-H|91|4,91,1.587890445,109.9694959,29.47272342,1.838870005,1.586749411099291,2.0401907825741605,1.8396325,1.9065695,1.7973334,1.8092941,1.7395227356985434,1.874315934411705,1.8570344264134067
REF-H|91|4,91,1.584170838,107.7899552,28.95641862,1.812834022,1.5791662113093015,2.030750606734038,1.8380862,1.911054,1.9029558,1.8084234,1.735885478314581,1.9086288630910224,1.9134338740556258
