surface,gly,We,beta,pred,lo,hi
REF-H,0,11.52631471,1.620303606,1.663423380839465,1.5623657300485183,1.771017688564808
REF-H,0,11.19773089,1.63337529,1.6596610334960773,1.557549696844982,1.768466683075867
REF-H,0,11.25902008,1.613247766,1.6597142316288893,1.560624566694105,1.7650954556653524
REF-H,0,11.09964356,1.619634628,1.6554758747938056,1.564839577184649,1.7513618724770592
REF-H,0,11.66717415,1.62582418,1.6648101292140944,1.5654824123641207,1.7704400537776188
REF-H,0,29.0440291,1.970298186,1.9259482351468573,1.8903908573801698,1.962174430744898
REF-H,0,29.14591592,1.974189658,1.9266495429066692,1.8910279536763897,1.9629421415828028
REF-H,0,29.22394124,2.009617745,1.9249912394542172,1.8890506302308707,1.961615645803312
REF-H,0,29.35107091,1.985815243,1.9272451381203097,1.8913051253190123,1.9638681102721982
REF-H,0,29.3050871,1.977638351,1.9278576920723178,1.8920908228382813,1.9643006752219037
REF-H,0,49.57050992,2.407462201,2.3452715036273535,2.3028920437588742,2.3884308605055997
REF-H,0,49.27614126,2.409667195,2.3397998234640194,2.2975043210531703,2.3828739575004088
REF-H,0,49.59191542,2.412513424,2.3455331319748622,2.3031872009686816,2.3886576266479587
REF-H,0,49.48035346,2.439860962,2.343597378201622,2.3012669415944096,2.3867064580122674
REF-H,0,49.52464694,2.447293512,2.344424935024721,2.3020527117298855,2.3875770732614683
REF-H,0,66.53264126,2.59828674,2.6357850478798395,2.587465467552829,2.685006971396453
REF-H,0,67.84282033,2.595157374,2.6601752911200647,2.6120945751213336,2.7091410268546685
REF-H,0,67.80932752,2.609237849,2.657369971948327,2.608481488841964,2.707174729059571
REF-H,0,67.89903926,2.606230363,2.6610073096769953,2.6128056135600204,2.7100982428258016
REF-H,0,66.07703916,2.625825079,2.6267409814745397,2.578280354860371,2.676112460288086
REF-H,0,88.96942144,2.796032201,2.8678273215457337,2.815233382929425,2.9214038154258257
REF-H,0,89.1771494,2.825318246,2.870962661786455,2.818288916542294,2.924620877934845
REF-H,0,89.13954111,2.791102944,2.869572416543374,2.8169317733403942,2.923196767389914
REF-H,0,88.95633511,2.815625902,2.86834574947168,2.815741090533091,2.9219331870298477
REF-H,0,88.91277916,2.792069834,2.854408571616485,2.8020615651704985,2.907733504143011
REF-H,20,9.754450069,1.57697117,1.571487255393515,1.541441469206595,1.6021186942215666
REF-H,20,9.851125603,1.577337366,1.5717538106373705,1.5416106887420635,1.6024863211534432
REF-H,20,9.944199153,1.61221433,1.5726677943887954,1.5427133608584878,1.6032038447708705
REF-H,20,10.07647385,1.579562325,1.5745155225905871,1.5448445418460421,1.6047563775681026
REF-H,20,10.01617482,1.585496492,1.5737046095819336,1.5439623814529244,1.6040197792182649
REF-H,20,31.76662584,2.068439161,1.9883758460248784,1.9484648448782422,2.0291043564105
REF-H,20,31.83617839,2.054266328,1.9898317094819555,1.9501452586851244,2.0303257997968354
REF-H,20,31.7665587,2.081963318,1.9843047181128186,1.9423953064223027,2.0271183735391167
REF-H,20,31.93652241,2.067176743,1.9900728750204395,1.949784452424379,2.0311937778392553
REF-H,20,31.95880631,2.077115055,1.9871892295557974,1.9453217210733222,2.0299578168919865
REF-H,20,52.08281155,2.423679263,2.2984003147120844,2.2572205925341464,2.3403313013097518
REF-H,20,51.94873892,2.445719156,2.296918675683333,2.2557302021207226,2.3388592295935053
REF-H,20,51.84217609,2.395958524,2.2954851240790908,2.2543181120146976,2.337403903550789
REF-H,20,51.71868116,2.420686055,2.2937505269067997,2.2526207278028263,2.335631300355213
REF-H,20,51.80266047,2.408655836,2.2954135985052475,2.2541164261129647,2.337467367330546
REF-H,20,73.42477184,2.653221127,2.564097055459246,2.5179348307881098,2.6111055891613115
REF-H,20,73.49177038,2.624228809,2.5650574638126598,2.5189379690206146,2.6120213651863806
REF-H,20,72.99736854,2.60025921,2.558208691440797,2.511746696260768,2.605530135146954
REF-H,20,73.39079741,2.596814697,2.563398460599226,2.5170460963670154,2.6106044213043096
REF-H,20,73.19317036,2.626273161,2.5608436461358703,2.5145030441877445,2.6080382742478845
REF-H,20,93.7045028,2.744274635,2.8500337466894514,2.7980999147200367,2.9029314909512176
REF-H,20,93.6384128,2.753957675,2.849026375575394,2.797152653905675,2.90186210516274
REF-H,20,93.64349613,2.736935587,2.8478132396879237,2.7961141968196683,2.9004681773606666
REF-H,20,93.63822099,2.734202548,2.849102465364895,2.7972165570960956,2.9019508116222896
REF-H,20,93.48285443,2.77432198,2.847306735301386,2.7954696480410126,2.900105050531994
REF-H,60,11.50130342,1.611688445,1.5630943144319565,1.5286345335620137,1.598330917015352
REF-H,60,11.41629055,1.573168356,1.5615970427041166,1.5325441731031142,1.591200675700306
REF-H,60,11.56411074,1.591521012,1.5621539024708075,1.5308193390584004,1.5941298576132474
REF-H,60,11.58616252,1.590890144,1.5631622468104902,1.533913953534556,1.5929682393351883
REF-H,60,11.34783511,1.562819897,1.5615696237032382,1.532483343813639,1.59120795636472
REF-H,60,36.02015279,1.887938598,1.8980816541485088,1.8593861124019262,1.9375824858459385
REF-H,60,35.94897313,1.882265456,1.8960692466557674,1.8593265526693519,1.9335380237282556
REF-H,60,35.81969474,1.888222961,1.8935761424202457,1.858418962436655,1.9293984185578157
REF-H,60,36.00227567,1.898049223,1.8966128167525325,1.8598683720253564,1.9340832022175676
REF-H,60,35.88996454,1.90519172,1.8963515120319674,1.8582745077393175,1.935208733805869
REF-H,60,59.21382248,2.076783504,2.097591404573815,2.0596179922851925,2.1362649370042517
REF-H,60,59.39159501,2.08991134,2.1012771705835993,2.062435838649746,2.140849991487012
REF-H,60,58.58644051,2.092450826,2.092409956019473,2.0544974245312133,2.131022103884315
REF-H,60,58.29923623,2.077633199,2.0899178570874013,2.0520496956580327,2.128484830856975
REF-H,60,58.32596014,2.072235994,2.090149142369878,2.052277747864593,2.128719390879338
REF-H,60,82.00129309,2.189602401,2.2804697556653912,2.23953314822198,2.322154646665269
REF-H,60,81.88162685,2.213061572,2.282220894414975,2.2413185855988096,2.3238696383328894
REF-H,60,81.90910675,2.217917509,2.28277813942547,2.2418712676397017,2.3244314288059726
REF-H,60,82.23680516,2.214895875,2.2878379608737633,2.246834474189652,2.3295897385154714
REF-H,60,82.33845402,2.213814194,2.289494979552871,2.248433483942196,2.3313063512145065
REF-H,60,104.1236479,2.317880072,2.43319271326382,2.3888894409689443,2.478317614179247
REF-H,60,104.8614664,2.320070155,2.430842786121104,2.3866188504323564,2.4758861892700406
REF-H,60,104.2748303,2.317839676,2.434082047615432,2.3897411355433174,2.479245691678951
REF-H,60,104.294622,2.311600606,2.4333797595898425,2.389138037546143,2.478440743617836
REF-H,60,104.5725375,2.318385777,2.4279272753789,2.3836785020211684,2.4729974489137123
REF-H,78,12.26721565,1.544718146,1.5453154927584931,1.5168568444819752,1.5743080705647967
REF-H,78,12.3002085,1.528644619,1.5453134583498442,1.5161795308022612,1.5750072046504868
REF-H,78,12.39386941,1.554104267,1.5451608038540492,1.5145165217030647,1.5764251334030592
REF-H,78,12.1861827,1.558212039,1.544958452645474,1.515243442999577,1.5752561949224444
REF-H,78,12.16278888,1.53051523,1.544405991719207,1.512930951837924,1.5765358388369506
REF-H,78,37.02381645,1.784621465,1.7997157851404342,1.7651312278126698,1.8349779643847512
REF-H,78,37.23678904,1.785694453,1.8000369674515788,1.761525723041718,1.8393901615000943
REF-H,78,37.05991974,1.782368028,1.7989755520759334,1.761374928635249,1.837378847826836
REF-H,78,36.9732023,1.780507953,1.7979538090071945,1.759415832386642,1.8373359156024054
REF-H,78,36.44112307,1.776055593,1.7937797792820263,1.7554346154020883,1.832962542910812
REF-H,78,59.234525,1.938208455,1.9375177846929441,1.9024721850889834,1.9732089622250488
REF-H,78,59.22695037,1.911437437,1.9362307696005752,1.900478886022222,1.9726552190194653
REF-H,78,59.48778951,1.923432268,1.9380430167998204,1.9025152186092698,1.974234265370122
REF-H,78,59.38633789,1.920505128,1.9379755063324768,1.9027563756223138,1.973846526682255
REF-H,78,59.51558746,1.919376439,1.9373731099489577,1.9010689413308695,1.9743705688683058
REF-H,78,83.82773658,2.040158836,2.0700933713946106,2.0329292281813913,2.1079369153078766
REF-H,78,83.79996226,2.037969438,2.064912106621838,2.027692453530177,2.1028149513749623
REF-H,78,83.98252354,2.033320463,2.0625860981631723,2.0250928547372578,2.1007735039823356
REF-H,78,83.86704056,2.03964518,2.066304668774491,2.029127212294719,2.1041632867220756
REF-H,78,81.38323877,2.281476134,2.0562649563864044,2.0190656070856314,2.0941496680565543
REF-H,78,106.3607252,2.135519827,2.162354297761276,2.122953862209739,2.2024859759221256
REF-H,78,106.6723882,2.147060755,2.15567595890386,2.1167544288037736,2.195313153270295
REF-H,78,106.0378128,2.126650918,2.1625020520331346,2.1229894499339252,2.2027500537946922
REF-H,78,106.8524855,2.140666462,2.155176677486705,2.116238581400103,2.1948312217754027
REF-H,78,106.8354905,2.126986323,2.1570361017299313,2.1180606330289162,2.196728777075919
REF-H,91,12.00013163,1.451032592,1.4546644795710444,1.4263801543275842,1.4835096672550334
REF-H,91,12.12208764,1.453666466,1.457238953173141,1.4297117699804565,1.485296135370124
REF-H,91,11.93395242,1.459555408,1.456829179076943,1.4293289475208608,1.4848585139839015
REF-H,91,12.05054614,1.454308543,1.4493121719680988,1.4174519960509755,1.4818884714733913
REF-H,91,12.18321716,1.444621118,1.4546746612303287,1.426070221520587,1.4838528552747172
REF-H,91,37.38847622,1.61734636,1.6255552381691925,1.5957180783550426,1.6559503011103736
REF-H,91,37.65068679,1.623058986,1.6247644465551148,1.5946657017158075,1.655431294439422
REF-H,91,38.12659093,1.623296224,1.6270666005486383,1.5970807617336067,1.6576154356447503
REF-H,91,38.14131809,1.621401232,1.62638400644046,1.5960630445770783,1.6572809861068
REF-H,91,38.11235354,1.62598191,1.625946751158475,1.5954465742207526,1.6570300004524037
REF-H,91,60.23757057,1.702401974,1.7213506648556016,1.690087092114959,1.7531925574858342
REF-H,91,60.4302857,1.690640351,1.7200488017060915,1.687623539506348,1.753097068743176
REF-H,91,60.44840897,1.698220271,1.7191129424360143,1.685745557663681,1.753140796020787
REF-H,91,60.37687976,1.712091122,1.7199041085233187,1.6875249212876737,1.752904567630457
REF-H,91,60.34965754,1.695285852,1.7195203933883019,1.686902039675073,1.7527694636303737
REF-H,91,91.73610883,1.807301547,1.8136449500592673,1.7808959043593902,1.8469962207357011
REF-H,91,91.24667445,1.808623623,1.8134839228732267,1.7796366726447022,1.8479749204270577
REF-H,91,86.63036578,1.789119385,1.804427083642951,1.7715944728601203,1.8378681747226728
REF-H,91,87.44496571,1.771407823,1.8041921790056505,1.7717368723260496,1.8372420135455225
REF-H,91,87.39535934,1.790043673,1.8029171482550428,1.7704344681931803,1.835995797567932
REF-H,91,109.8774546,1.819460459,1.828405942448284,1.7943269124676942,1.8631322236495673
REF-H,91,109.594771,1.814955834,1.8289844482254958,1.7942690738741058,1.8643714928597352
REF-H,91,110.1886155,1.812952664,1.8284526864029487,1.7944254826743398,1.8631251387667156
REF-H,91,109.9694959,1.838870005,1.829129489974838,1.7946967108753042,1.8642228911557146
REF-H,91,107.7899552,1.812834022,1.8214947507644956,1.783395737574801,1.8604076802238356
