Model,ID RMSE,ID R2,LOSO RMSE,Worst LOSO,REF-H RMSE,REF-H CI95,REF-H Bias,REF-H MaxErr,REF-H R2,REF-H RMSE over w +/-10um,name
"Gaussian process (Matern 3/2, ARD)",0.0363272261,0.9929192591,0.0399727188,0.059 (D50),0.0590957724,"[0.043849922, 0.073381966]",0.0036867297,0.2252109703,0.9773157587,"[0.0589378478, 0.0590957724]",Gaussian process
Random forest,0.0439535314,0.989634225,0.0462117551,0.080 (D50),0.0628272201,"[0.0481509421, 0.0768422879]",0.0085955218,0.202521327,0.9743606437,"[0.062797763, 0.063010593]",Random forest
Extra trees,0.0437119194,0.9897478729,0.0464821306,0.096 (D50),0.0634147617,"[0.047749642, 0.0778730447]",0.0089781267,0.2060876176,0.973878858,"[0.0632716378, 0.0636338524]",Extra trees
"FT-Transformer (d=32, 2 layers)",0.04549786525577527,0.9888930128089299,0.05050118267259441,0.098 (D50),0.06705902436059369,"[0.04806649350544683, 0.08540603037910481]",0.010123903599980558,0.20328002158493552,0.9707903810334569,,FT-Transformer
CatBoost,0.0445694332,0.9893416874,0.0523652143,0.114 (D50),0.0628049835,"[0.0474552864, 0.0770228603]",0.0075127055,0.2243987526,0.9743787896,"[0.0628049835, 0.0670708761]",CatBoost
Deep ensemble (5 x MLP),0.0450427036,0.9891141303,0.0525380666,0.101 (D50),0.0674465392,"[0.0499108959, 0.0838987665]",0.0200154135,0.2199515863,0.9704518177,"[0.0671558292, 0.0680247313]",Deep ensemble (5 MLP)
"XGBoost (reference, same features)",0.0461754163,0.9885597407,0.0563363385,0.115 (D50),0.0592706855,"[0.0454843342, 0.0722134389]",0.0100485201,0.2022072017,0.9771812773,"[0.0592706855, 0.0602597482]",XGBoost
LightGBM,0.0508987876,0.9860995421,0.0591373571,0.136 (D50),0.0597516259,"[0.0470263605, 0.0717014244]",0.0109492433,0.2099706773,0.9768094587,"[0.0597516259, 0.0600104194]",LightGBM
"Ridge, quadratic in log-features",0.0541318469,0.9842775609,0.0638368466,0.135 (D50),0.0702294294,"[0.0522300768, 0.0887454623]",0.0173241151,0.2417288837,0.9679631572,"[0.0697229292, 0.0704274743]",Quadratic ridge
"MLP (64-64, strong L2)",0.0524609355,0.9852332034,0.0700926727,0.167 (D50),0.0820066483,"[0.0612496511, 0.1017087042]",0.0243252274,0.1816589461,0.9563172919,"[0.0798913323, 0.0847573969]",MLP
"kNN (k=10, distance-weighted)",0.1322414387,0.9061683482,0.0759580149,0.178 (D50),0.0607731347,"[0.0455133242, 0.0753634075]",0.0083837103,0.201597199,0.9760097537,"[0.0607731347, 0.0611374445]",kNN
SVR (RBF),0.045371793,0.9889544813,0.108472881,0.305 (D50),0.0490765248,"[0.032758441, 0.0638526736]",-0.0021228942,0.2308731259,0.9843555956,"[0.0490765248, 0.0511362441]",SVR (RBF)
Kernel ridge (RBF),0.0441615266,0.9895358879,0.2568306006,0.825 (D50),0.0475433558,"[0.031297178, 0.0621544845]",-0.009591035,0.2335567418,0.9853178014,"[0.0475433558, 0.0497063386]",Kernel ridge
