row_id,surface,condition,beta,prediction,mu_log,sd_log
0,REF-H,REF-H|0|0,1.620303606,1.651660621600403,0.5017812191275696,0.036888393626763286
1,REF-H,REF-H|0|0,1.63337529,1.648101444961441,0.4996239860014034,0.03724188161351603
2,REF-H,REF-H|0|0,1.613247766,1.647742301371455,0.4994060487331047,0.03611653898810608
3,REF-H,REF-H|0|0,1.619634628,1.642464063492308,0.4961975919849525,0.032945155926853
4,REF-H,REF-H|0|0,1.62582418,1.6527860324385992,0.5024623684996334,0.03625726406568388
5,REF-H,REF-H|0|1,1.970298186,1.9077827390602642,0.6459416981255421,0.012520187527770614
6,REF-H,REF-H|0|1,1.974189658,1.9088272638888555,0.6464890555206453,0.012600118085830657
7,REF-H,REF-H|0|1,2.009617745,1.9083882352028958,0.6462590298969938,0.012946108899617762
8,REF-H,REF-H|0|1,1.985815243,1.9105000381789399,0.6473650078885598,0.012895360240457713
9,REF-H,REF-H|0|1,1.977638351,1.9105429073106275,0.6473874463339272,0.012729338043546652
10,REF-H,REF-H|0|2,2.407462201,2.340277148582775,0.8502693619214869,0.011591531341700706
11,REF-H,REF-H|0|2,2.409667195,2.3336676257965694,0.8474411183238251,0.01167034186394693
12,REF-H,REF-H|0|2,2.412513424,2.338621750028384,0.8495617601291278,0.011715136451982508
13,REF-H,REF-H|0|2,2.439860962,2.3376173049180298,0.8491321648436859,0.011648634044387504
14,REF-H,REF-H|0|2,2.447293512,2.3394482856355587,0.8499151262008087,0.01159329555227475
15,REF-H,REF-H|0|3,2.59828674,2.632206671149865,0.9678225328536958,0.01136958398106554
16,REF-H,REF-H|0|3,2.595157374,2.656747174260668,0.9771025076625617,0.01147546762173643
17,REF-H,REF-H|0|3,2.609237849,2.655532798682572,0.9766453120307674,0.011353779871972178
18,REF-H,REF-H|0|3,2.606230363,2.6577444837492905,0.9774778246503404,0.011451485464586254
19,REF-H,REF-H|0|3,2.625825079,2.623851307590714,0.9646432031617319,0.011365834444526839
20,REF-H,REF-H|0|4,2.796032201,2.9478930705802804,1.0810907018172426,0.011818304222635436
21,REF-H,REF-H|0|4,2.825318246,2.951381229343278,1.082273274110771,0.011810899901152267
22,REF-H,REF-H|0|4,2.791102944,2.950023471964929,1.081813126918356,0.01181725406277849
23,REF-H,REF-H|0|4,2.815625902,2.948304585543177,1.0812302883737201,0.011814327464553931
24,REF-H,REF-H|0|4,2.792069834,2.935686842752992,1.076941443875887,0.011918266246103698
25,REF-H,REF-H|20|0,1.57697117,1.5609910634379585,0.4453209166213014,0.01149786835763696
26,REF-H,REF-H|20|0,1.577337366,1.5606559556165498,0.44510621725225014,0.011482693091057374
27,REF-H,REF-H|20|0,1.61221433,1.5609730399900101,0.44530937039760926,0.011457170874487952
28,REF-H,REF-H|20|0,1.579562325,1.562003520544194,0.44596930528447665,0.011467018435393436
29,REF-H,REF-H|20|0,1.585496492,1.5615551005434054,0.4456821840498427,0.011451472087332843
30,REF-H,REF-H|20|1,2.068439161,1.9770759410296133,0.6816189557064958,0.012688724780831055
31,REF-H,REF-H|20|1,2.054266328,1.9788407184928507,0.6825111775262157,0.012621827491123483
32,REF-H,REF-H|20|1,2.081963318,1.970691126380859,0.6783843067990348,0.013231829841029615
33,REF-H,REF-H|20|1,2.067176743,1.9784027341243111,0.6822898192117364,0.012775936897469451
34,REF-H,REF-H|20|1,2.077115055,1.9737098937238087,0.6799149665453217,0.013202289828647776
35,REF-H,REF-H|20|2,2.423679263,2.304239459333009,0.8347506694352625,0.011446481919768579
36,REF-H,REF-H|20|2,2.445719156,2.303704729292633,0.8345185789320415,0.011419525345123542
37,REF-H,REF-H|20|2,2.395958524,2.302385219010633,0.8339456373121837,0.011419455575090628
38,REF-H,REF-H|20|2,2.420686055,2.3006117030292152,0.8331750454133767,0.011424474944293148
39,REF-H,REF-H|20|2,2.408655836,2.3034080989562953,0.8343898083341396,0.011398233659374703
40,REF-H,REF-H|20|3,2.653221127,2.549730185440584,0.9359875439409573,0.01133365155192465
41,REF-H,REF-H|20|3,2.624228809,2.550907335956128,0.9364491139041257,0.011329548402471181
42,REF-H,REF-H|20|3,2.60025921,2.5426625035676538,0.9332117617723095,0.011375115429060969
43,REF-H,REF-H|20|3,2.596814697,2.5484936330826877,0.9355024524949318,0.01135170828796477
44,REF-H,REF-H|20|3,2.626273161,2.5457540092719793,0.9344268769567328,0.011355431265430722
45,REF-H,REF-H|20|4,2.744274635,2.879218299534216,1.057518833532914,0.01141511787409231
46,REF-H,REF-H|20|4,2.753957675,2.878294913428317,1.0571980748721306,0.011412821377999278
47,REF-H,REF-H|20|4,2.736935587,2.878296726933834,1.0571987049343725,0.011414922303254502
48,REF-H,REF-H|20|4,2.734202548,2.878291077547196,1.0571967421790633,0.01141292952059406
49,REF-H,REF-H|20|4,2.77432198,2.8761040367776483,1.0564366133274978,0.011408815206023626
50,REF-H,REF-H|60|0,1.611688445,1.561570316466345,0.4456919280856453,0.01379822460079147
51,REF-H,REF-H|60|0,1.573168356,1.5611761049894473,0.445439450666228,0.011805931194663952
52,REF-H,REF-H|60|0,1.591521012,1.5611586939806734,0.44542829810899437,0.012688383894616885
53,REF-H,REF-H|60|0,1.590890144,1.5619805367885404,0.44595459089718653,0.011748945697183119
54,REF-H,REF-H|60|0,1.562819897,1.5612198108589255,0.4454674457511942,0.011801649920210993
55,REF-H,REF-H|60|1,1.887938598,1.8935106044837657,0.6384325688107665,0.01240480696248236
56,REF-H,REF-H|60|1,1.882265456,1.8921371570749348,0.637706961170754,0.011932136674882963
57,REF-H,REF-H|60|1,1.888222961,1.8904779237068277,0.6368296667915528,0.011615476373863844
58,REF-H,REF-H|60|1,1.898049223,1.8926634845421912,0.6379850880897054,0.011928540329388483
59,REF-H,REF-H|60|1,1.90519172,1.8919953859022764,0.6376320318858442,0.012257310098159372
60,REF-H,REF-H|60|2,2.076783504,2.085748962838017,0.735128005538994,0.011450221849946561
61,REF-H,REF-H|60|2,2.08991134,2.088161389266379,0.7362839607433391,0.011740810846121387
62,REF-H,REF-H|60|2,2.092450826,2.080826356284362,0.7327651014909454,0.011458943146047692
63,REF-H,REF-H|60|2,2.077633199,2.078584740728885,0.7316872490160573,0.011447251071122667
64,REF-H,REF-H|60|2,2.072235994,2.0787913735772396,0.7317866544308399,0.011448251958777215
65,REF-H,REF-H|60|3,2.189602401,2.245497766988269,0.8089272191066261,0.011663110825221963
66,REF-H,REF-H|60|3,2.213061572,2.246048940610585,0.8091726461993245,0.01178753855337107
67,REF-H,REF-H|60|3,2.217917509,2.2464039894704513,0.8093307107872594,0.011805116171987665
68,REF-H,REF-H|60|3,2.214895875,2.2498369690102478,0.8108577553734376,0.011950151517492685
69,REF-H,REF-H|60|3,2.213814194,2.2509540530364225,0.8113541499154818,0.012007211274766665
70,REF-H,REF-H|60|4,2.317880072,2.386055814122431,0.8696417157417888,0.011468622054362458
71,REF-H,REF-H|60|4,2.320070155,2.379914050707145,0.8670643738830295,0.011642354105475905
72,REF-H,REF-H|60|4,2.317839676,2.3868857374227432,0.8699894775149905,0.011472140010588302
73,REF-H,REF-H|60|4,2.311600606,2.3856926409574664,0.8694894976736804,0.011479495785767202
74,REF-H,REF-H|60|4,2.318385777,2.376438312747609,0.8656028595490916,0.011697945123185161
75,REF-H,REF-H|78|0,1.544718146,1.5436773065937186,0.4341674314392615,0.011775945300974361
76,REF-H,REF-H|78|0,1.528644619,1.5438904270327194,0.4343054821365908,0.012193157192161474
77,REF-H,REF-H|78|0,1.554104267,1.544001064490974,0.4343771410395062,0.01297293335680814
78,REF-H,REF-H|78|0,1.558212039,1.5436923775908344,0.4341771944405588,0.012488840450795772
79,REF-H,REF-H|78|0,1.53051523,1.5433785934460837,0.43397390520699397,0.013320310851429202
80,REF-H,REF-H|78|1,1.784621465,1.7995283312032062,0.5875245923436648,0.012095996653358407
81,REF-H,REF-H|78|1,1.785694453,1.7990324021123414,0.5872489659859307,0.013362232735854136
82,REF-H,REF-H|78|1,1.782368028,1.7981288772315351,0.586746611584978,0.013064925708187026
83,REF-H,REF-H|78|1,1.780507953,1.7970089313996196,0.5861235779613687,0.013373555346924687
84,REF-H,REF-H|78|1,1.776055593,1.7930006482076266,0.5838905561441946,0.013318618957304003
85,REF-H,REF-H|78|2,1.938208455,1.9359683082469585,0.6606076190132506,0.012246143828376304
86,REF-H,REF-H|78|2,1.911437437,1.9341297332069154,0.659657475033089,0.01267955181257432
87,REF-H,REF-H|78|2,1.923432268,1.936095376750813,0.6606732524915389,0.01254763387743834
88,REF-H,REF-H|78|2,1.920505128,1.9362544727018718,0.6607554227278727,0.012369216730790849
89,REF-H,REF-H|78|2,1.919376439,1.935043491775005,0.6601298025986669,0.012902462341883813
90,REF-H,REF-H|78|3,2.040158836,2.0706792359298762,0.7278766867527777,0.01154175486530905
91,REF-H,REF-H|78|3,2.037969438,2.064416879971027,0.7248478039549116,0.011843823248068278
92,REF-H,REF-H|78|3,2.033320463,2.061246333816488,0.7233108162686165,0.012126251681106346
93,REF-H,REF-H|78|3,2.03964518,2.0661015576776,0.7256635261580291,0.01175855219950154
94,REF-H,REF-H|78|3,2.281476134,2.055732601332407,0.7206322814169794,0.01182380457200643
95,REF-H,REF-H|78|4,2.135519827,2.1741823051792295,0.7766526422113782,0.011394513534348512
96,REF-H,REF-H|78|4,2.147060755,2.1657145850299258,0.7727503693653329,0.011510569998464218
97,REF-H,REF-H|78|4,2.126650918,2.174585548465302,0.7768380939534802,0.011388195161884102
98,REF-H,REF-H|78|4,2.140666462,2.165009780427846,0.7724248789628848,0.011542269087978911
99,REF-H,REF-H|78|4,2.126986323,2.167299232763828,0.773481799206633,0.011496198254739583
100,REF-H,REF-H|91|0,1.451032592,1.4522494021637657,0.3731136662283548,0.012176272657535235
101,REF-H,REF-H|91|0,1.453666466,1.4558005632024134,0.3755559645699311,0.011990587547354875
102,REF-H,REF-H|91|0,1.459555408,1.4551893236724993,0.3751360115212084,0.01195767788959937
103,REF-H,REF-H|91|0,1.454308543,1.445154531712823,0.36821625820828396,0.013184096676602454
104,REF-H,REF-H|91|0,1.444621118,1.4523050868763026,0.37315200926013736,0.01229431812672089
105,REF-H,REF-H|91|1,1.61734636,1.6423000424314265,0.4960977241979646,0.011750452739522363
106,REF-H,REF-H|91|1,1.623058986,1.6401360938491534,0.49477922244748274,0.012047081491028726
107,REF-H,REF-H|91|1,1.623296224,1.6422015720291256,0.4960377635622951,0.011978517491934328
108,REF-H,REF-H|91|1,1.621401232,1.6410201743660808,0.4953181059788073,0.012166823262312955
109,REF-H,REF-H|91|1,1.62598191,1.6404006901043977,0.4949405352284352,0.012257392066079455
110,REF-H,REF-H|91|2,1.702401974,1.7194405705335982,0.5419989882304409,0.011499936938042101
111,REF-H,REF-H|91|2,1.690640351,1.7178689148636603,0.5410845196403185,0.011896280703518437
112,REF-H,REF-H|91|2,1.698220271,1.716968459970996,0.5405602124810396,0.01222353203042804
113,REF-H,REF-H|91|2,1.712091122,1.7177206515270762,0.5409982093673297,0.011881926165507015
114,REF-H,REF-H|91|2,1.695285852,1.7173338836863332,0.5407730206034178,0.011965094346529734
115,REF-H,REF-H|91|3,1.807301547,1.8284773251141573,0.6034835577178062,0.011986079794374051
116,REF-H,REF-H|91|3,1.808623623,1.8315143099707,0.6051431164580242,0.011496169854811788
117,REF-H,REF-H|91|3,1.789119385,1.8175450539899691,0.5974867191086498,0.011870685806962857
118,REF-H,REF-H|91|3,1.771407823,1.8163822666975347,0.5968467573100196,0.012272007062041696
119,REF-H,REF-H|91|3,1.790043673,1.8147244231849633,0.5959336232330809,0.012465265528385897
120,REF-H,REF-H|91|4,1.819460459,1.8501471384537638,0.6152651702268805,0.011705444355002079
121,REF-H,REF-H|91|4,1.814955834,1.8528283348136456,0.6167133012489712,0.01151000752158369
122,REF-H,REF-H|91|4,1.812952664,1.8498625389810746,0.6151113330761367,0.011756780926332382
123,REF-H,REF-H|91|4,1.838870005,1.8520309951244427,0.6162828721122586,0.011589929938913064
124,REF-H,REF-H|91|4,1.812834022,1.8509249321476353,0.6156854774732593,0.012113621543253291
